phase,sign,degree,five_fold_sequence,scene,symbol,jones_keyword,title,handle,url,link_title
1,Aries,1,1,1,Woman Rises From Sea,Realization,"Before Anything Else, To Exist",before-anything-else-to-exist,https://www.gamlahealing.com/blogs/sabian-symbols/before-anything-else-to-exist,"Aries 1 - Woman Rises From Sea - Before Anything Else, To Exist"
2,Aries,2,1,1,Comedian Human Nature,Release,The Comedian's Real Task,the-comedians-real-task,https://www.gamlahealing.com/blogs/sabian-symbols/the-comedians-real-task,Aries 2 - Comedian Human Nature - The Comedian's Real Task
3,Aries,3,1,1,Cameo Profile of Country,Exploitation,Shaped By the Country That Shaped You,shaped-by-the-country-that-shaped-you,https://www.gamlahealing.com/blogs/sabian-symbols/shaped-by-the-country-that-shaped-you,Aries 3 - Cameo Profile of Country - Shaped By the Country That Shaped You
4,Aries,4,1,1,Two Lovers Secluded Walk,Enjoyment,A Walk That Needs No Reason,a-walk-that-needs-no-reason,https://www.gamlahealing.com/blogs/sabian-symbols/a-walk-that-needs-no-reason,Aries 4 - Two Lovers Secluded Walk - A Walk That Needs No Reason
5,Aries,5,1,1,Triangle With Wings,Zeal,Wings Need Something Solid Beneath Them,wings-need-something-solid-beneath-them,https://www.gamlahealing.com/blogs/sabian-symbols/wings-need-something-solid-beneath-them,Aries 5 - Triangle With Wings - Wings Need Something Solid Beneath Them
6,Aries,6,2,1,Square Lighted One Side,Set,One Lit Edge Is Still a Beginning,one-lit-edge-is-still-a-beginning,https://www.gamlahealing.com/blogs/sabian-symbols/one-lit-edge-is-still-a-beginning,Aries 6 - Square Lighted One Side - One Lit Edge Is Still a Beginning
7,Aries,7,2,1,Two Realms at Once,Proficiency,Fluent in Two Worlds at Once,fluent-in-two-worlds-at-once,https://www.gamlahealing.com/blogs/sabian-symbols/fluent-in-two-worlds-at-once,Aries 7 - Two Realms at Once - Fluent in Two Worlds at Once
8,Aries,8,2,1,Hat Streamers East Wind,Excitation,No Half-Measures With This Kind of Wind,no-half-measures-with-this-kind-of-wind,https://www.gamlahealing.com/blogs/sabian-symbols/no-half-measures-with-this-kind-of-wind,Aries 8 - Hat Streamers East Wind - No Half-Measures With This Kind of Wind
9,Aries,9,2,1,Crystal Gazer,Acuteness,What You Imagine Becomes the Map,what-you-imagine-becomes-the-map,https://www.gamlahealing.com/blogs/sabian-symbols/what-you-imagine-becomes-the-map,Aries 9 - Crystal Gazer - What You Imagine Becomes the Map
10,Aries,10,2,1,Teacher New Symbols,Interpretation,Old Wisdom Needs a New Telling,old-wisdom-needs-a-new-telling,https://www.gamlahealing.com/blogs/sabian-symbols/old-wisdom-needs-a-new-telling,Aries 10 - Teacher New Symbols - Old Wisdom Needs a New Telling
11,Aries,11,3,1,Ruler of a Nation,Idealization,"One Value, Held Above All Else",one-value-held-above-all-else,https://www.gamlahealing.com/blogs/sabian-symbols/one-value-held-above-all-else,"Aries 11 - Ruler of a Nation - One Value, Held Above All Else"
12,Aries,12,3,1,Wild Geese Flight,Insouciance,A Beautiful Paradox,a-beautiful-paradox,https://www.gamlahealing.com/blogs/sabian-symbols/a-beautiful-paradox,Aries 12 - Wild Geese Flight - A Beautiful Paradox
13,Aries,13,3,1,Unexploded Bomb,Impetuousness,"It Must Fail, It Should Fail, It Does Fail",it-must-fail-it-should-fail-it-does-fail,https://www.gamlahealing.com/blogs/sabian-symbols/it-must-fail-it-should-fail-it-does-fail,"Aries 13 - Unexploded Bomb - It Must Fail, It Should Fail, It Does Fail"
14,Aries,14,3,1,"Serpent, Man, Woman",Revelation,The Ritualization of Relationship,the-ritualization-of-relationship,https://www.gamlahealing.com/blogs/sabian-symbols/the-ritualization-of-relationship,"Aries 14 - Serpent, Man, Woman - The Ritualization of Relationship"
15,Aries,15,3,1,Weaving a Ceremonial Blanket,Diligence,Clothed in Light for an Instant,clothed-in-light-for-an-instant,https://www.gamlahealing.com/blogs/sabian-symbols/clothed-in-light-for-an-instant,Aries 15 - Weaving a Ceremonial Blanket - Clothed in Light for an Instant
16,Aries,16,4,2,Brownies Sunset,Invigoration,Becoming Like a Little Child,becoming-like-a-little-child,https://www.gamlahealing.com/blogs/sabian-symbols/becoming-like-a-little-child,Aries 16 - Brownies Sunset - Becoming Like a Little Child
17,Aries,17,4,2,Two Spinsters Silence,Divorcement,A Dignified Inward Withdrawal,a-dignified-inward-withdrawal,https://www.gamlahealing.com/blogs/sabian-symbols/a-dignified-inward-withdrawal,Aries 17 - Two Spinsters Silence - A Dignified Inward Withdrawal
18,Aries,18,4,2,Empty Hammock,Rumination,Living Rhythmically,living-rhythmically,https://www.gamlahealing.com/blogs/sabian-symbols/living-rhythmically,Aries 18 - Empty Hammock - Living Rhythmically
19,Aries,19,4,2,Magic Carpet,Panorama,To See Whole,to-see-whole,https://www.gamlahealing.com/blogs/sabian-symbols/to-see-whole,Aries 19 - Magic Carpet - To See Whole
20,Aries,20,4,2,Girl Feeding Birds,Hospitality,The Transmutation of Life Into Love,the-transmutation-of-life-into-love,https://www.gamlahealing.com/blogs/sabian-symbols/the-transmutation-of-life-into-love,Aries 20 - Girl Feeding Birds - The Transmutation of Life Into Love
21,Aries,21,5,2,Pugilist Ring,Exertion,Victory Is Always Temporary,victory-is-always-temporary,https://www.gamlahealing.com/blogs/sabian-symbols/victory-is-always-temporary,Aries 21 - Pugilist Ring - Victory Is Always Temporary
22,Aries,22,5,2,Garden of Desire Gate,Prospect,Fruit Does Not Jump Off the Branch,fruit-does-not-jump-off-the-branch,https://www.gamlahealing.com/blogs/sabian-symbols/fruit-does-not-jump-off-the-branch,Aries 22 - Garden of Desire Gate - Fruit Does Not Jump Off the Branch
23,Aries,23,5,2,Veiled Load Pregnant Woman,Reticence,The Insidious Vampirism of Mediocrity,the-insidious-vampirism-of-mediocrity,https://www.gamlahealing.com/blogs/sabian-symbols/the-insidious-vampirism-of-mediocrity,Aries 23 - Veiled Load Pregnant Woman - The Insidious Vampirism of Mediocrity
24,Aries,24,5,2,Window Curtain Cornucopia,Munificence,Molded by Transpersonal Forces,molded-by-transpersonal-forces,https://www.gamlahealing.com/blogs/sabian-symbols/molded-by-transpersonal-forces,Aries 24 - Window Curtain Cornucopia - Molded by Transpersonal Forces
25,Aries,25,5,2,Double Promise,Sensibility,"We Get What We Want, or We Come to Want What We Get",we-get-what-we-want-or-we-come-to-want-what-we-get,https://www.gamlahealing.com/blogs/sabian-symbols/we-get-what-we-want-or-we-come-to-want-what-we-get,"Aries 25 - Double Promise - We Get What We Want, or We Come to Want What We Get"
26,Aries,26,6,2,More Gifts Than He Can Hold,Equipment,"Whatever You Do, Do It Well",whatever-you-do-do-it-well,https://www.gamlahealing.com/blogs/sabian-symbols/whatever-you-do-do-it-well,"Aries 26 - More Gifts Than He Can Hold - Whatever You Do, Do It Well"
27,Aries,27,6,2,Lost Opportunity Regained,Reformulation,Nothing May Fail Like Success,nothing-may-fail-like-success,https://www.gamlahealing.com/blogs/sabian-symbols/nothing-may-fail-like-success,Aries 27 - Lost Opportunity Regained - Nothing May Fail Like Success
28,Aries,28,6,2,Disappointed Audience,Disjunction,Catering to Nothing Exterior to Itself,catering-to-nothing-exterior-to-itself,https://www.gamlahealing.com/blogs/sabian-symbols/catering-to-nothing-exterior-to-itself,Aries 28 - Disappointed Audience - Catering to Nothing Exterior to Itself
29,Aries,29,6,2,Celestial Choir Singing,Veneration,Every Note of the Universal Chord Has Its Place,every-note-of-the-universal-chord-has-its-place,https://www.gamlahealing.com/blogs/sabian-symbols/every-note-of-the-universal-chord-has-its-place,Aries 29 - Celestial Choir Singing - Every Note of the Universal Chord Has Its Place
30,Aries,30,6,2,Duck Pond and Brood,Reliability,"Part Angel, Part Animal",part-angel-part-animal,https://www.gamlahealing.com/blogs/sabian-symbols/part-angel-part-animal,"Aries 30 - Duck Pond and Brood - Part Angel, Part Animal"
31,Taurus,1,7,3,Mountain Stream,Resourcefulness,The Stream Doesn't Second-Guess Itself,the-stream-doesnt-second-guess-itself,https://www.gamlahealing.com/blogs/sabian-symbols/the-stream-doesnt-second-guess-itself,Taurus 1 - Mountain Stream - The Stream Doesn't Second-Guess Itself
32,Taurus,2,7,3,Electrical Storm,Transformation,Discharge the Excess Build-Up,discharge-the-excess-build-up,https://www.gamlahealing.com/blogs/sabian-symbols/discharge-the-excess-build-up,Taurus 2 - Electrical Storm - Discharge the Excess Build-Up
33,Taurus,3,7,3,Steps to Clover Lawn,Hopefulness,Wild Clover on a Manicured Lawn,wild-clover-on-a-manicured-lawn,https://www.gamlahealing.com/blogs/sabian-symbols/wild-clover-on-a-manicured-lawn,Taurus 3 - Steps to Clover Lawn - Wild Clover on a Manicured Lawn
34,Taurus,4,7,3,Rainbow's Pot of Gold,Faith,"Two Steps Forward, Last Look Back",two-steps-forward-last-look-back,https://www.gamlahealing.com/blogs/sabian-symbols/two-steps-forward-last-look-back,"Taurus 4 - Rainbow's Pot of Gold - Two Steps Forward, Last Look Back"
35,Taurus,5,7,3,Widow at Open Grave,Reorientation,Learning to Exhale,learning-to-exhale,https://www.gamlahealing.com/blogs/sabian-symbols/learning-to-exhale,Taurus 5 - Widow at Open Grave - Learning to Exhale
36,Taurus,6,8,3,Bridge Across Gorge,Channelship,What the Gorge Demands of Us,what-the-gorge-demands-of-us,https://www.gamlahealing.com/blogs/sabian-symbols/what-the-gorge-demands-of-us,Taurus 6 - Bridge Across Gorge - What the Gorge Demands of Us
37,Taurus,7,8,3,Woman of Samaria,Awakening,Breakthrough at the Ancestral Well,breakthrough-at-the-ancestral-well,https://www.gamlahealing.com/blogs/sabian-symbols/breakthrough-at-the-ancestral-well,Taurus 7 - Woman of Samaria - Breakthrough at the Ancestral Well
38,Taurus,8,8,3,Sleigh Without Snow,Sustainment,Prepared Before the Snow Falls,prepared-before-the-snow-falls,https://www.gamlahealing.com/blogs/sabian-symbols/prepared-before-the-snow-falls,Taurus 8 - Sleigh Without Snow - Prepared Before the Snow Falls
39,Taurus,9,8,3,Christmas Tree Decorated,Symbolization,Light Against the Darker Season,light-against-the-darker-season,https://www.gamlahealing.com/blogs/sabian-symbols/light-against-the-darker-season,Taurus 9 - Christmas Tree Decorated - Light Against the Darker Season
40,Taurus,10,8,3,Red Cross Nurse,Enlistment,When Personal Love Becomes Universal Service,when-personal-love-becomes-universal-service,https://www.gamlahealing.com/blogs/sabian-symbols/when-personal-love-becomes-universal-service,Taurus 10 - Red Cross Nurse - When Personal Love Becomes Universal Service
41,Taurus,11,9,3,Woman Watering Flowers,Care,Water What You Mean to Grow,water-what-you-mean-to-grow,https://www.gamlahealing.com/blogs/sabian-symbols/water-what-you-mean-to-grow,Taurus 11 - Woman Watering Flowers - Water What You Mean to Grow
42,Taurus,12,9,3,Window Shoppers,Visualization,Wanting Is Not the Same as Ego,wanting-is-not-the-same-as-ego,https://www.gamlahealing.com/blogs/sabian-symbols/wanting-is-not-the-same-as-ego,Taurus 12 - Window Shoppers - Wanting Is Not the Same as Ego
43,Taurus,13,9,3,Man Handling Baggage,Industry,That We Serve Is More Important Than Whom We Serve,that-we-serve-is-more-important-than-whom-we-serve,https://www.gamlahealing.com/blogs/sabian-symbols/that-we-serve-is-more-important-than-whom-we-serve,Taurus 13 - Man Handling Baggage - That We Serve Is More Important Than Whom We Serve
44,Taurus,14,9,3,Shellfish & Children Playing,Emergence,"Half Awake, Half Still Becoming",half-awake-half-still-becoming,https://www.gamlahealing.com/blogs/sabian-symbols/half-awake-half-still-becoming,"Taurus 14 - Shellfish & Children Playing - Half Awake, Half Still Becoming"
45,Taurus,15,9,3,Man in Silk Hat,Sophistication,The Person Makes the Manners,the-person-makes-the-manners,https://www.gamlahealing.com/blogs/sabian-symbols/the-person-makes-the-manners,Taurus 15 - Man in Silk Hat - The Person Makes the Manners
46,Taurus,16,10,4,Old Teacher Fails,Pertinacity,When Old Answers Stop Working,when-old-answers-stop-working,https://www.gamlahealing.com/blogs/sabian-symbols/when-old-answers-stop-working,Taurus 16 - Old Teacher Fails - When Old Answers Stop Working
47,Taurus,17,10,4,Swords and Torches,Resolution,Swords Against Torches,swords-against-torches,https://www.gamlahealing.com/blogs/sabian-symbols/swords-against-torches,Taurus 17 - Swords and Torches - Swords Against Torches
48,Taurus,18,10,4,Woman Airing Bag,Facilitation,Airing Out What's Gone Stale,airing-out-whats-gone-stale,https://www.gamlahealing.com/blogs/sabian-symbols/airing-out-whats-gone-stale,Taurus 18 - Woman Airing Bag - Airing Out What's Gone Stale
49,Taurus,19,10,4,New Continent Rising,Originality,What Rises When the Mind Opens,what-rises-when-the-mind-opens,https://www.gamlahealing.com/blogs/sabian-symbols/what-rises-when-the-mind-opens,Taurus 19 - New Continent Rising - What Rises When the Mind Opens
50,Taurus,20,10,4,Wing-Like Clouds,Exaltation,Confirmation Comes Disguised,confirmation-comes-disguised,https://www.gamlahealing.com/blogs/sabian-symbols/confirmation-comes-disguised,Taurus 20 - Wing-Like Clouds - Confirmation Comes Disguised
51,Taurus,21,11,4,Finger in Open Book,Confirmation,A Book Means Nothing Until It's Read,a-book-means-nothing-until-its-read,https://www.gamlahealing.com/blogs/sabian-symbols/a-book-means-nothing-until-its-read,Taurus 21 - Finger in Open Book - A Book Means Nothing Until It's Read
52,Taurus,22,11,4,White Dove,Guidance,Steady Above the Turbulence,steady-above-the-turbulence,https://www.gamlahealing.com/blogs/sabian-symbols/steady-above-the-turbulence,Taurus 22 - White Dove - Steady Above the Turbulence
53,Taurus,23,11,4,Jewelry Shop,Preservation,Refining Raw Material Into Something Lasting,refining-raw-material-into-something-lasting,https://www.gamlahealing.com/blogs/sabian-symbols/refining-raw-material-into-something-lasting,Taurus 23 - Jewelry Shop - Refining Raw Material Into Something Lasting
54,Taurus,24,11,4,Mounted Warrior,Command,Command Over the Raw and Unruly,command-over-the-raw-and-unruly,https://www.gamlahealing.com/blogs/sabian-symbols/command-over-the-raw-and-unruly,Taurus 24 - Mounted Warrior - Command Over the Raw and Unruly
55,Taurus,25,11,4,Public Park,Recreation,What a Community Builds Together,what-a-community-builds-together,https://www.gamlahealing.com/blogs/sabian-symbols/what-a-community-builds-together,Taurus 25 - Public Park - What a Community Builds Together
56,Taurus,26,12,4,Spaniard Serenading,Constancy,"Borrowed Gestures, Genuine Feeling",borrowed-gestures-genuine-feeling,https://www.gamlahealing.com/blogs/sabian-symbols/borrowed-gestures-genuine-feeling,"Taurus 26 - Spaniard Serenading - Borrowed Gestures, Genuine Feeling"
57,Taurus,27,12,4,Old Woman Selling Beads,Detachment,A Carrier of What Came Before,a-carrier-of-what-came-before,https://www.gamlahealing.com/blogs/sabian-symbols/a-carrier-of-what-came-before,Taurus 27 - Old Woman Selling Beads - A Carrier of What Came Before
58,Taurus,28,12,4,Mature Romance,Persuasion,No Expiration Date on New Beginnings,no-expiration-date-on-new-beginnings,https://www.gamlahealing.com/blogs/sabian-symbols/no-expiration-date-on-new-beginnings,Taurus 28 - Mature Romance - No Expiration Date on New Beginnings
59,Taurus,29,12,4,Two Cobblers,Capability,"Two Old Men, No Grand Gesture Needed",two-old-men-no-grand-gesture-needed,https://www.gamlahealing.com/blogs/sabian-symbols/two-old-men-no-grand-gesture-needed,"Taurus 29 - Two Cobblers - Two Old Men, No Grand Gesture Needed"
60,Taurus,30,12,4,Peacock on Terrace,Aloofness,The Backdrop That Makes the Display Mean Something,the-backdrop-that-makes-the-display-mean-something,https://www.gamlahealing.com/blogs/sabian-symbols/the-backdrop-that-makes-the-display-mean-something,Taurus 30 - Peacock on Terrace - The Backdrop That Makes the Display Mean Something
61,Gemini,1,13,5,Glass-Bottomed Boat,Curiosity,I Did Not Know This Could Exist,i-did-not-know-this-could-exist,https://www.gamlahealing.com/blogs/sabian-symbols/i-did-not-know-this-could-exist,Gemini 1 - Glass-Bottomed Boat - I Did Not Know This Could Exist
62,Gemini,2,13,5,Santa Claus Filling Stockings,Prodigality,Furtively Filling Stockings,furtively-filling-stockings,https://www.gamlahealing.com/blogs/sabian-symbols/furtively-filling-stockings,Gemini 2 - Santa Claus Filling Stockings - Furtively Filling Stockings
63,Gemini,3,13,5,Tuileries Garden,Luxury,The Worship of Formalism,the-worship-of-formalism,https://www.gamlahealing.com/blogs/sabian-symbols/the-worship-of-formalism,Gemini 3 - Tuileries Garden - The Worship of Formalism
64,Gemini,4,13,5,Holly & Mistletoe,Ritualization,A Return to the Source,a-return-to-the-source,https://www.gamlahealing.com/blogs/sabian-symbols/a-return-to-the-source,Gemini 4 - Holly & Mistletoe - A Return to the Source
65,Gemini,5,13,5,Radical Magazine,Tangency,Reach Beyond Established Forms,reach-beyond-established-forms,https://www.gamlahealing.com/blogs/sabian-symbols/reach-beyond-established-forms,Gemini 5 - Radical Magazine - Reach Beyond Established Forms
66,Gemini,6,14,5,Drilling for Oil,Speculation,Reawaken the Archaic Psyche,reawaken-the-archaic-psyche,https://www.gamlahealing.com/blogs/sabian-symbols/reawaken-the-archaic-psyche,Gemini 6 - Drilling for Oil - Reawaken the Archaic Psyche
67,Gemini,7,14,5,Old-Fashioned Well,Recompense,A Fundamental Trust in Life,a-fundamental-trust-in-life,https://www.gamlahealing.com/blogs/sabian-symbols/a-fundamental-trust-in-life,Gemini 7 - Old-Fashioned Well - A Fundamental Trust in Life
68,Gemini,8,14,5,Industrial Strike,Protest,Revolt Against Privilege,revolt-against-privilege,https://www.gamlahealing.com/blogs/sabian-symbols/revolt-against-privilege,Gemini 8 - Industrial Strike - Revolt Against Privilege
69,Gemini,9,14,5,Quiver of Arrows,Preparation,"Man, the Conqueror",man-the-conqueror,https://www.gamlahealing.com/blogs/sabian-symbols/man-the-conqueror,"Gemini 9 - Quiver of Arrows - Man, the Conqueror"
70,Gemini,10,14,5,Airplane Falling,Crisis,Mind Versus Matter,mind-versus-matter,https://www.gamlahealing.com/blogs/sabian-symbols/mind-versus-matter,Gemini 10 - Airplane Falling - Mind Versus Matter
71,Gemini,11,15,5,New Path of Realism,Identification,Rising to the Occasion,rising-to-the-occasion,https://www.gamlahealing.com/blogs/sabian-symbols/rising-to-the-occasion,Gemini 11 - New Path of Realism - Rising to the Occasion
72,Gemini,12,15,5,Fighting for Independence,Growth,Virgin Minds for Virgin Fields,virgin-minds-for-virgin-fields,https://www.gamlahealing.com/blogs/sabian-symbols/virgin-minds-for-virgin-fields,Gemini 12 - Fighting for Independence - Virgin Minds for Virgin Fields
73,Gemini,13,15,5,Pianist in Concert,Achievement,A Source of Inspiration,a-source-of-inspiration,https://www.gamlahealing.com/blogs/sabian-symbols/a-source-of-inspiration,Gemini 13 - Pianist in Concert - A Source of Inspiration
74,Gemini,14,15,5,Telepathy Conversation,Intimation,The One Mind of Humanity,the-one-mind-of-humanity,https://www.gamlahealing.com/blogs/sabian-symbols/the-one-mind-of-humanity,Gemini 14 - Telepathy Conversation - The One Mind of Humanity
75,Gemini,15,15,5,Dutch Children Talking,Clarification,The Need for Objectivity,the-need-for-objectivity,https://www.gamlahealing.com/blogs/sabian-symbols/the-need-for-objectivity,Gemini 15 - Dutch Children Talking - The Need for Objectivity
76,Gemini,16,16,6,Suffragist Haranguing,Indignation,The Proselytizing Mind,the-proselytizing-mind,https://www.gamlahealing.com/blogs/sabian-symbols/the-proselytizing-mind,Gemini 16 - Suffragist Haranguing - The Proselytizing Mind
77,Gemini,17,16,6,Head of Mentality,Development,Mental Metamorphosis,mental-metamorphosis,https://www.gamlahealing.com/blogs/sabian-symbols/mental-metamorphosis,Gemini 17 - Head of Mentality - Mental Metamorphosis
78,Gemini,18,16,6,Two Men Talking Chinese,Difference,Two Men Speaking a Language the World Cannot Hear,two-men-speaking-a-language-the-world-cannot-hear,https://www.gamlahealing.com/blogs/sabian-symbols/two-men-speaking-a-language-the-world-cannot-hear,Gemini 18 - Two Men Talking Chinese - Two Men Speaking a Language the World Cannot Hear
79,Gemini,19,16,6,Archaic Volume,Background,The Book That Was Written Before You Were Born,the-book-that-was-written-before-you-were-born,https://www.gamlahealing.com/blogs/sabian-symbols/the-book-that-was-written-before-you-were-born,Gemini 19 - Archaic Volume - The Book That Was Written Before You Were Born
80,Gemini,20,16,6,A Cafeteria,Supply,"Everything Is Available, Nothing Is Nourishing",everything-is-available-nothing-is-nourishing,https://www.gamlahealing.com/blogs/sabian-symbols/everything-is-available-nothing-is-nourishing,"Gemini 20 - A Cafeteria - Everything Is Available, Nothing Is Nourishing"
81,Gemini,21,17,6,Labour Demonstration,Representation,When the Body Refuses to Be Governed,when-the-body-refuses-to-be-governed,https://www.gamlahealing.com/blogs/sabian-symbols/when-the-body-refuses-to-be-governed,Gemini 21 - Labour Demonstration - When the Body Refuses to Be Governed
82,Gemini,22,17,6,Harvest Festival Dance,Embodiment,The Body Knows How to Come Home,the-body-knows-how-to-come-home,https://www.gamlahealing.com/blogs/sabian-symbols/the-body-knows-how-to-come-home,Gemini 22 - Harvest Festival Dance - The Body Knows How to Come Home
83,Gemini,23,17,6,Three Fledglings,Elevation,"Not Yet Ready to Fly, Already Learning to See",not-yet-ready-to-fly-already-learning-to-see,https://www.gamlahealing.com/blogs/sabian-symbols/not-yet-ready-to-fly-already-learning-to-see,"Gemini 23 - Three Fledglings - Not Yet Ready to Fly, Already Learning to See"
84,Gemini,24,17,6,Children Skating,Fun,"The Ice Holds, and They Fly",the-ice-holds-and-they-fly,https://www.gamlahealing.com/blogs/sabian-symbols/the-ice-holds-and-they-fly,"Gemini 24 - Children Skating - The Ice Holds, and They Fly"
85,Gemini,25,17,6,Gardener Trimming Palms,Enhancement,The Art of the Necessary Cut,the-art-of-the-necessary-cut,https://www.gamlahealing.com/blogs/sabian-symbols/the-art-of-the-necessary-cut,Gemini 25 - Gardener Trimming Palms - The Art of the Necessary Cut
86,Gemini,26,18,6,Frost-Covered Trees,Splendor,When the World Goes Still and Shows Its Bones,when-the-world-goes-still-and-shows-its-bones,https://www.gamlahealing.com/blogs/sabian-symbols/when-the-world-goes-still-and-shows-its-bones,Gemini 26 - Frost-Covered Trees - When the World Goes Still and Shows Its Bones
87,Gemini,27,18,6,Woman Emerging From the Forest,Expenditure,"The Edge of the Forest, the Edge of Yourself",the-edge-of-the-forest-the-edge-of-yourself,https://www.gamlahealing.com/blogs/sabian-symbols/the-edge-of-the-forest-the-edge-of-yourself,"Gemini 27 - Woman Emerging From the Forest - The Edge of the Forest, the Edge of Yourself"
88,Gemini,28,18,6,Bankruptcy Clean Slate,Deliverance,The Grace of the Clean Slate,the-grace-of-the-clean-slate,https://www.gamlahealing.com/blogs/sabian-symbols/the-grace-of-the-clean-slate,Gemini 28 - Bankruptcy Clean Slate - The Grace of the Clean Slate
89,Gemini,29,18,6,First Mockingbird,Quickening,The Song That Arrives Before You Know the Words,the-song-that-arrives-before-you-know-the-words,https://www.gamlahealing.com/blogs/sabian-symbols/the-song-that-arrives-before-you-know-the-words,Gemini 29 - First Mockingbird - The Song That Arrives Before You Know the Words
90,Gemini,30,18,6,Bathing Beauties Parade,Charm,"The Body as Temple, the Self as Standard",the-body-as-temple-the-self-as-standard,https://www.gamlahealing.com/blogs/sabian-symbols/the-body-as-temple-the-self-as-standard,"Gemini 30 - Bathing Beauties Parade - The Body as Temple, the Self as Standard"
91,Cancer,1,19,7,Ship Raises New Flag,Adaptability,The Moment You Choose Your Flag,the-moment-you-choose-your-flag,https://www.gamlahealing.com/blogs/sabian-symbols/the-moment-you-choose-your-flag,Cancer 1 - Ship Raises New Flag - The Moment You Choose Your Flag
92,Cancer,2,19,7,Man on Magic Carpet,Contemplation,"High Enough to See, Still Enough to Know",high-enough-to-see-still-enough-to-know,https://www.gamlahealing.com/blogs/sabian-symbols/high-enough-to-see-still-enough-to-know,"Cancer 2 - Man on Magic Carpet - High Enough to See, Still Enough to Know"
93,Cancer,3,19,7,Man Leads Shaggy Deer,Indomitability,The Will That Moves When the Cold Wants You to Stop,the-will-that-moves-when-the-cold-wants-you-to-stop,https://www.gamlahealing.com/blogs/sabian-symbols/the-will-that-moves-when-the-cold-wants-you-to-stop,Cancer 3 - Man Leads Shaggy Deer - The Will That Moves When the Cold Wants You to Stop
94,Cancer,4,19,7,Cat Arguing Mouse,Justification,The Cat Already Knows What It's Going to Do,the-cat-already-knows-what-its-going-to-do,https://www.gamlahealing.com/blogs/sabian-symbols/the-cat-already-knows-what-its-going-to-do,Cancer 4 - Cat Arguing Mouse - The Cat Already Knows What It's Going to Do
95,Cancer,5,19,7,Car Wrecked by Train,Dispersion,What Happens When the Car Meets the Train,what-happens-when-the-car-meets-the-train,https://www.gamlahealing.com/blogs/sabian-symbols/what-happens-when-the-car-meets-the-train,Cancer 5 - Car Wrecked by Train - What Happens When the Car Meets the Train
96,Cancer,6,20,7,Game Birds Feathering Nests,Meticulousness,Building the Nest That Will Outlast You,building-the-nest-that-will-outlast-you,https://www.gamlahealing.com/blogs/sabian-symbols/building-the-nest-that-will-outlast-you,Cancer 6 - Game Birds Feathering Nests - Building the Nest That Will Outlast You
97,Cancer,7,20,7,Nature Spirits Dancing,Ascendancy,The World Behind the World,the-world-behind-the-world,https://www.gamlahealing.com/blogs/sabian-symbols/the-world-behind-the-world,Cancer 7 - Nature Spirits Dancing - The World Behind the World
98,Cancer,8,20,7,Rabbits Dressed as Humans,Appropriation,The Art of Wearing the Clothes Before You've Earned Them,the-art-of-wearing-the-clothes-before-youve-earned-them,https://www.gamlahealing.com/blogs/sabian-symbols/the-art-of-wearing-the-clothes-before-youve-earned-them,Cancer 8 - Rabbits Dressed as Humans - The Art of Wearing the Clothes Before You've Earned Them
99,Cancer,9,20,7,Girl Catching Fish,Inclination,The Fish That Keeps Slipping Through,the-fish-that-keeps-slipping-through,https://www.gamlahealing.com/blogs/sabian-symbols/the-fish-that-keeps-slipping-through,Cancer 9 - Girl Catching Fish - The Fish That Keeps Slipping Through
100,Cancer,10,20,7,Diamond Being Cut,Latency,You Are Already the Diamond,you-are-already-the-diamond,https://www.gamlahealing.com/blogs/sabian-symbols/you-are-already-the-diamond,Cancer 10 - Diamond Being Cut - You Are Already the Diamond
101,Cancer,11,21,7,Clown Caricaturing,Inimitability,The Clown Knows Something You Don't,the-clown-knows-something-you-dont,https://www.gamlahealing.com/blogs/sabian-symbols/the-clown-knows-something-you-dont,Cancer 11 - Clown Caricaturing - The Clown Knows Something You Don't
102,Cancer,12,21,7,Woman Nursing Baby,Revelation,Someone Has to See You First,someone-has-to-see-you-first,https://www.gamlahealing.com/blogs/sabian-symbols/someone-has-to-see-you-first,Cancer 12 - Woman Nursing Baby - Someone Has to See You First
103,Cancer,13,21,7,Hand With Prominent Thumb,Character,The Hand That Shapes Itself,the-hand-that-shapes-itself,https://www.gamlahealing.com/blogs/sabian-symbols/the-hand-that-shapes-itself,Cancer 13 - Hand With Prominent Thumb - The Hand That Shapes Itself
104,Cancer,14,21,7,Old Man Facing Dark,Sanction,Darkness Is Not Empty,darkness-is-not-empty,https://www.gamlahealing.com/blogs/sabian-symbols/darkness-is-not-empty,Cancer 14 - Old Man Facing Dark - Darkness Is Not Empty
105,Cancer,15,21,7,Sumptuous Banquet,Satiety,The Feast That Knows It's a Feast,the-feast-that-knows-its-a-feast,https://www.gamlahealing.com/blogs/sabian-symbols/the-feast-that-knows-its-a-feast,Cancer 15 - Sumptuous Banquet - The Feast That Knows It's a Feast
106,Cancer,16,22,8,Man Studying Mandala,Conformation,The Map That Shows You Where You Already Are,the-map-that-shows-you-where-you-already-are,https://www.gamlahealing.com/blogs/sabian-symbols/the-map-that-shows-you-where-you-already-are,Cancer 16 - Man Studying Mandala - The Map That Shows You Where You Already Are
107,Cancer,17,22,8,Unfoldment From a Germ,Unfoldment,Everything in You Is Trying to Become,everything-in-you-is-trying-to-become,https://www.gamlahealing.com/blogs/sabian-symbols/everything-in-you-is-trying-to-become,Cancer 17 - Unfoldment From a Germ - Everything in You Is Trying to Become
108,Cancer,18,22,8,Hen Scratching Ground,Provision,The Hen Doesn't Ask Whether She Feels Like It,the-hen-doesnt-ask-whether-she-feels-like-it,https://www.gamlahealing.com/blogs/sabian-symbols/the-hen-doesnt-ask-whether-she-feels-like-it,Cancer 18 - Hen Scratching Ground - The Hen Doesn't Ask Whether She Feels Like It
109,Cancer,19,22,8,Priest Marriage Ceremony,Consecration,The Moment the Private Becomes Sacred,the-moment-the-private-becomes-sacred,https://www.gamlahealing.com/blogs/sabian-symbols/the-moment-the-private-becomes-sacred,Cancer 19 - Priest Marriage Ceremony - The Moment the Private Becomes Sacred
110,Cancer,20,22,8,Venetian Gondoliers Serenade,Sentiment,The Song on the Water at Dusk,the-song-on-the-water-at-dusk,https://www.gamlahealing.com/blogs/sabian-symbols/the-song-on-the-water-at-dusk,Cancer 20 - Venetian Gondoliers Serenade - The Song on the Water at Dusk
111,Cancer,21,23,8,Singer Proving Virtuosity,Excellence,The Voice That Fills the Whole House,the-voice-that-fills-the-whole-house,https://www.gamlahealing.com/blogs/sabian-symbols/the-voice-that-fills-the-whole-house,Cancer 21 - Singer Proving Virtuosity - The Voice That Fills the Whole House
112,Cancer,22,23,8,Woman Awaiting Sailboat,Equanimity,Looking Out to Sea Without Looking Away,looking-out-to-sea-without-looking-away,https://www.gamlahealing.com/blogs/sabian-symbols/looking-out-to-sea-without-looking-away,Cancer 22 - Woman Awaiting Sailboat - Looking Out to Sea Without Looking Away
113,Cancer,23,23,8,Meeting Literary Society,Criticism,Burning Without Being Consumed,burning-without-being-consumed,https://www.gamlahealing.com/blogs/sabian-symbols/burning-without-being-consumed,Cancer 23 - Meeting Literary Society - Burning Without Being Consumed
114,Cancer,24,23,8,Woman Two Men Island,Inception,The Island That Asks You to Choose,the-island-that-asks-you-to-choose,https://www.gamlahealing.com/blogs/sabian-symbols/the-island-that-asks-you-to-choose,Cancer 24 - Woman Two Men Island - The Island That Asks You to Choose
115,Cancer,25,23,8,Man Overshadowed by Power,Destiny,The Weight That Chooses You,the-weight-that-chooses-you,https://www.gamlahealing.com/blogs/sabian-symbols/the-weight-that-chooses-you,Cancer 25 - Man Overshadowed by Power - The Weight That Chooses You
116,Cancer,26,24,8,Guests Reading in Library,Repose,The Library No One Is Rushing Through,the-library-no-one-is-rushing-through,https://www.gamlahealing.com/blogs/sabian-symbols/the-library-no-one-is-rushing-through,Cancer 26 - Guests Reading in Library - The Library No One Is Rushing Through
117,Cancer,27,24,8,Storm in Canyon Homes,Intensification,What the Storm Decides Is Essential,what-the-storm-decides-is-essential,https://www.gamlahealing.com/blogs/sabian-symbols/what-the-storm-decides-is-essential,Cancer 27 - Storm in Canyon Homes - What the Storm Decides Is Essential
118,Cancer,28,24,8,Bridging Two Worlds,Compatibility,The Shore Where Two Worlds Learn to Speak,the-shore-where-two-worlds-learn-to-speak,https://www.gamlahealing.com/blogs/sabian-symbols/the-shore-where-two-worlds-learn-to-speak,Cancer 28 - Bridging Two Worlds - The Shore Where Two Worlds Learn to Speak
119,Cancer,29,24,8,Muse Weighing Twins,Value,The Moment Before the Choice Becomes the Choice,the-moment-before-the-choice-becomes-the-choice,https://www.gamlahealing.com/blogs/sabian-symbols/the-moment-before-the-choice-becomes-the-choice,Cancer 29 - Muse Weighing Twins - The Moment Before the Choice Becomes the Choice
120,Cancer,30,24,8,Daughter of Revolution,Inheritance,The Revolution That Became a Parlor,the-revolution-that-became-a-parlor,https://www.gamlahealing.com/blogs/sabian-symbols/the-revolution-that-became-a-parlor,Cancer 30 - Daughter of Revolution - The Revolution That Became a Parlor
121,Leo,1,25,9,Blood Rushes to Head,Irresistibility,The Fire That Doesn't Know It Can Kill You,the-fire-that-doesnt-know-it-can-kill-you,https://www.gamlahealing.com/blogs/sabian-symbols/the-fire-that-doesnt-know-it-can-kill-you,Leo 1 - Blood Rushes to Head - The Fire That Doesn't Know It Can Kill You
122,Leo,2,25,9,Epidemic of Mumps,Infection,What You Carry Is Already Contagious,what-you-carry-is-already-contagious,https://www.gamlahealing.com/blogs/sabian-symbols/what-you-carry-is-already-contagious,Leo 2 - Epidemic of Mumps - What You Carry Is Already Contagious
123,Leo,3,25,9,Middle-Aged Woman Flowing Hair,Decision,The First One in the Room to Cut Her Hair,the-first-one-in-the-room-to-cut-her-hair,https://www.gamlahealing.com/blogs/sabian-symbols/the-first-one-in-the-room-to-cut-her-hair,Leo 3 - Middle-Aged Woman Flowing Hair - The First One in the Room to Cut Her Hair
124,Leo,4,25,9,Man With Hunting Trophies,Morale,The Trophy and the Suit Are Both Costumes,the-trophy-and-the-suit-are-both-costumes,https://www.gamlahealing.com/blogs/sabian-symbols/the-trophy-and-the-suit-are-both-costumes,Leo 4 - Man With Hunting Trophies - The Trophy and the Suit Are Both Costumes
125,Leo,5,25,9,Rock Formations Canyon,Endurance,The Canyon Was Here Before Your Ambitions and Will Outlast Them,the-canyon-was-here-before-your-ambitions-and-will-outlast-them,https://www.gamlahealing.com/blogs/sabian-symbols/the-canyon-was-here-before-your-ambitions-and-will-outlast-them,Leo 5 - Rock Formations Canyon - The Canyon Was Here Before Your Ambitions and Will Outlast Them
126,Leo,6,26,9,Old-Fashioned Lady Hippie Girl,Contrast,They Are Each Other's Mirror,they-are-each-others-mirror,https://www.gamlahealing.com/blogs/sabian-symbols/they-are-each-others-mirror,Leo 6 - Old-Fashioned Lady Hippie Girl - They Are Each Other's Mirror
127,Leo,7,26,9,Constellations Night Sky,Surety,The Stars Were There Before Anyone Named Them,the-stars-were-there-before-anyone-named-them,https://www.gamlahealing.com/blogs/sabian-symbols/the-stars-were-there-before-anyone-named-them,Leo 7 - Constellations Night Sky - The Stars Were There Before Anyone Named Them
128,Leo,8,26,9,Communist Activist Ideals,Leaven,The Fire That Burns the Old House Down,the-fire-that-burns-the-old-house-down,https://www.gamlahealing.com/blogs/sabian-symbols/the-fire-that-burns-the-old-house-down,Leo 8 - Communist Activist Ideals - The Fire That Burns the Old House Down
129,Leo,9,26,9,Glass Blowers Controlled Breathing,Deftness,Sand and Breath and Fire,sand-and-breath-and-fire,https://www.gamlahealing.com/blogs/sabian-symbols/sand-and-breath-and-fire,Leo 9 - Glass Blowers Controlled Breathing - Sand and Breath and Fire
130,Leo,10,26,9,Morning Dew Sparkles,Rejuvenation,The Field After the Long Night,the-field-after-the-long-night,https://www.gamlahealing.com/blogs/sabian-symbols/the-field-after-the-long-night,Leo 10 - Morning Dew Sparkles - The Field After the Long Night
131,Leo,11,27,9,Children on Oak Tree Swing,Delight,"The Swing Is Not Going Anywhere, and That's Exactly the Point",the-swing-is-not-going-anywhere-and-thats-exactly-the-point,https://www.gamlahealing.com/blogs/sabian-symbols/the-swing-is-not-going-anywhere-and-thats-exactly-the-point,"Leo 11 - Children on Oak Tree Swing - The Swing Is Not Going Anywhere, and That's Exactly the Point"
132,Leo,12,27,9,Evening Party Fancy Lanterns,Companionship,The Lanterns Only Light the Lawn,the-lanterns-only-light-the-lawn,https://www.gamlahealing.com/blogs/sabian-symbols/the-lanterns-only-light-the-lawn,Leo 12 - Evening Party Fancy Lanterns - The Lanterns Only Light the Lawn
133,Leo,13,27,9,Old Sea Captain Rocking,Retrospect,The Sea Is Still Everywhere in Him,the-sea-is-still-everywhere-in-him,https://www.gamlahealing.com/blogs/sabian-symbols/the-sea-is-still-everywhere-in-him,Leo 13 - Old Sea Captain Rocking - The Sea Is Still Everywhere in Him
134,Leo,14,27,9,Human Soul Seeking,Ingenuousness,The Voice That Has Been Waiting Long Enough,the-voice-that-has-been-waiting-long-enough,https://www.gamlahealing.com/blogs/sabian-symbols/the-voice-that-has-been-waiting-long-enough,Leo 14 - Human Soul Seeking - The Voice That Has Been Waiting Long Enough
135,Leo,15,27,9,Pageant Spectacular Floats,Demonstration,Everything That Has Been Building Becomes Visible,everything-that-has-been-building-becomes-visible,https://www.gamlahealing.com/blogs/sabian-symbols/everything-that-has-been-building-becomes-visible,Leo 15 - Pageant Spectacular Floats - Everything That Has Been Building Becomes Visible
136,Leo,16,28,10,Storm Ended Sunshine,Recovery,"After the Storm, All of Nature Rejoices",after-the-storm-all-of-nature-rejoices,https://www.gamlahealing.com/blogs/sabian-symbols/after-the-storm-all-of-nature-rejoices,"Leo 16 - Storm Ended Sunshine - After the Storm, All of Nature Rejoices"
137,Leo,17,28,10,Volunteer Church Choir,Communion,Voices Doing What Voices Were Made For,voices-doing-what-voices-were-made-for,https://www.gamlahealing.com/blogs/sabian-symbols/voices-doing-what-voices-were-made-for,Leo 17 - Volunteer Church Choir - Voices Doing What Voices Were Made For
138,Leo,18,28,10,Chemist Conducts Experiment,Instruction,The Experiment Requires a Willing Mind,the-experiment-requires-a-willing-mind,https://www.gamlahealing.com/blogs/sabian-symbols/the-experiment-requires-a-willing-mind,Leo 18 - Chemist Conducts Experiment - The Experiment Requires a Willing Mind
139,Leo,19,28,10,Houseboat Party,Congeniality,The Boat That Isn't Quite on Land,the-boat-that-isnt-quite-on-land,https://www.gamlahealing.com/blogs/sabian-symbols/the-boat-that-isnt-quite-on-land,Leo 19 - Houseboat Party - The Boat That Isn't Quite on Land
140,Leo,20,28,10,Zuni Ritual to the Sun,Fidelity,Turning the Face Toward the Source,turning-the-face-toward-the-source,https://www.gamlahealing.com/blogs/sabian-symbols/turning-the-face-toward-the-source,Leo 20 - Zuni Ritual to the Sun - Turning the Face Toward the Source
141,Leo,21,29,10,Intoxicated Chickens Flap Wings,Accentuation,The Wings Don't Work If the Bird Isn't Ready,the-wings-dont-work-if-the-bird-isnt-ready,https://www.gamlahealing.com/blogs/sabian-symbols/the-wings-dont-work-if-the-bird-isnt-ready,Leo 21 - Intoxicated Chickens Flap Wings - The Wings Don't Work If the Bird Isn't Ready
142,Leo,22,29,10,Carrier Pigeon Fulfilling Mission,Enlightenment,The Message Arrives Because the Bird Knows Where Home Is,the-message-arrives-because-the-bird-knows-where-home-is,https://www.gamlahealing.com/blogs/sabian-symbols/the-message-arrives-because-the-bird-knows-where-home-is,Leo 22 - Carrier Pigeon Fulfilling Mission - The Message Arrives Because the Bird Knows Where Home Is
143,Leo,23,29,10,Circus Bareback Rider,Audacity,Standing on the Horse at Full Gallop,standing-on-the-horse-at-full-gallop,https://www.gamlahealing.com/blogs/sabian-symbols/standing-on-the-horse-at-full-gallop,Leo 23 - Circus Bareback Rider - Standing on the Horse at Full Gallop
144,Leo,24,29,10,Man Neglects Bodily Appearance,Imperturbability,The Man Who Forgot to Look in the Mirror,the-man-who-forgot-to-look-in-the-mirror,https://www.gamlahealing.com/blogs/sabian-symbols/the-man-who-forgot-to-look-in-the-mirror,Leo 24 - Man Neglects Bodily Appearance - The Man Who Forgot to Look in the Mirror
145,Leo,25,29,10,Camel Crossing Forbidding Desert,Adequacy,Everything It Needs Is Already Inside,everything-it-needs-is-already-inside,https://www.gamlahealing.com/blogs/sabian-symbols/everything-it-needs-is-already-inside,Leo 25 - Camel Crossing Forbidding Desert - Everything It Needs Is Already Inside
146,Leo,26,30,10,After Storm a Rainbow,Significance,The Promise That the Storm Itself Was Making All Along,the-promise-that-the-storm-itself-was-making-all-along,https://www.gamlahealing.com/blogs/sabian-symbols/the-promise-that-the-storm-itself-was-making-all-along,Leo 26 - After Storm a Rainbow - The Promise That the Storm Itself Was Making All Along
147,Leo,27,30,10,Luminescence of Dawn,Genesis,Every Morning Is the First Morning,every-morning-is-the-first-morning,https://www.gamlahealing.com/blogs/sabian-symbols/every-morning-is-the-first-morning,Leo 27 - Luminescence of Dawn - Every Morning Is the First Morning
148,Leo,28,30,10,Many Little Birds on a Limb,Ramification,"The Branch Can Hold All of Them, But You Can Only Listen to One at a Time",the-branch-can-hold-all-of-them-but-you-can-only-listen-to-one-at-a-time,https://www.gamlahealing.com/blogs/sabian-symbols/the-branch-can-hold-all-of-them-but-you-can-only-listen-to-one-at-a-time,"Leo 28 - Many Little Birds on a Limb - The Branch Can Hold All of Them, But You Can Only Listen to One at a Time"
149,Leo,29,30,10,Mermaid Emerges Ready for Rebirth,Importunity,"Half in the Water, Half Already Here",half-in-the-water-half-already-here,https://www.gamlahealing.com/blogs/sabian-symbols/half-in-the-water-half-already-here,"Leo 29 - Mermaid Emerges Ready for Rebirth - Half in the Water, Half Already Here"
150,Leo,30,30,10,An Unsealed Letter,Confidence,What the Light Touched Belongs to Everyone,what-the-light-touched-belongs-to-everyone,https://www.gamlahealing.com/blogs/sabian-symbols/what-the-light-touched-belongs-to-everyone,Leo 30 - An Unsealed Letter - What the Light Touched Belongs to Everyone
151,Virgo,1,31,11,Portrait Significant Features,Character,The Face That Knows What It Has Become,the-face-that-knows-what-it-has-become,https://www.gamlahealing.com/blogs/sabian-symbols/the-face-that-knows-what-it-has-become,Virgo 1 - Portrait Significant Features - The Face That Knows What It Has Become
152,Virgo,2,31,11,Large White Cross Landscape,Glorification,What Gets Raised Has First Been Carried,what-gets-raised-has-first-been-carried,https://www.gamlahealing.com/blogs/sabian-symbols/what-gets-raised-has-first-been-carried,Virgo 2 - Large White Cross Landscape - What Gets Raised Has First Been Carried
153,Virgo,3,31,11,Two Guardian Angels,Security,You Were Never in the Wilderness Alone,you-were-never-in-the-wilderness-alone,https://www.gamlahealing.com/blogs/sabian-symbols/you-were-never-in-the-wilderness-alone,Virgo 3 - Two Guardian Angels - You Were Never in the Wilderness Alone
154,Virgo,4,31,11,Black White Children Play,Intimacy,The Difference That Makes Us Richer,the-difference-that-makes-us-richer,https://www.gamlahealing.com/blogs/sabian-symbols/the-difference-that-makes-us-richer,Virgo 4 - Black White Children Play - The Difference That Makes Us Richer
155,Virgo,5,31,11,Man Aware of Nature Spirits,Outlook,The Man Who Looked at the Garden and Saw Something Moving,the-man-who-looked-at-the-garden-and-saw-something-moving,https://www.gamlahealing.com/blogs/sabian-symbols/the-man-who-looked-at-the-garden-and-saw-something-moving,Virgo 5 - Man Aware of Nature Spirits - The Man Who Looked at the Garden and Saw Something Moving
156,Virgo,6,32,11,Merry-Go-Round,Diversion,"Round and Round, Up and Down, and the Ring You Might Catch",round-and-round-up-and-down-and-the-ring-you-might-catch,https://www.gamlahealing.com/blogs/sabian-symbols/round-and-round-up-and-down-and-the-ring-you-might-catch,"Virgo 6 - Merry-Go-Round - Round and Round, Up and Down, and the Ring You Might Catch"
157,Virgo,7,32,11,A Harem,Restraint,What You Do With the Waiting,what-you-do-with-the-waiting,https://www.gamlahealing.com/blogs/sabian-symbols/what-you-do-with-the-waiting,Virgo 7 - A Harem - What You Do With the Waiting
158,Virgo,8,32,11,Five-Year-Old First Dance Lesson,Assistance,"Before the Dance, the Lesson",before-the-dance-the-lesson,https://www.gamlahealing.com/blogs/sabian-symbols/before-the-dance-the-lesson,"Virgo 8 - Five-Year-Old First Dance Lesson - Before the Dance, the Lesson"
159,Virgo,9,32,11,Expressionist Painter at Work,Experiment,The Drawing No One Has Made Before,the-drawing-no-one-has-made-before,https://www.gamlahealing.com/blogs/sabian-symbols/the-drawing-no-one-has-made-before,Virgo 9 - Expressionist Painter at Work - The Drawing No One Has Made Before
160,Virgo,10,32,11,Two Heads Beyond the Shadows,Intelligence,The Two Faces Looking Past What Divides Them,the-two-faces-looking-past-what-divides-them,https://www.gamlahealing.com/blogs/sabian-symbols/the-two-faces-looking-past-what-divides-them,Virgo 10 - Two Heads Beyond the Shadows - The Two Faces Looking Past What Divides Them
161,Virgo,11,33,11,Mother Sees Longing for Son Answered,Exaction,The Dream That Becomes the Child That Becomes the Dream,the-dream-that-becomes-the-child-that-becomes-the-dream,https://www.gamlahealing.com/blogs/sabian-symbols/the-dream-that-becomes-the-child-that-becomes-the-dream,Virgo 11 - Mother Sees Longing for Son Answered - The Dream That Becomes the Child That Becomes the Dream
162,Virgo,12,33,11,Groom Snatches Away the Veil,Invitation,The Face Behind the Veil Was Always There,the-face-behind-the-veil-was-always-there,https://www.gamlahealing.com/blogs/sabian-symbols/the-face-behind-the-veil-was-always-there,Virgo 12 - Groom Snatches Away the Veil - The Face Behind the Veil Was Always There
163,Virgo,13,33,11,Statesman Overcomes Hysteria,Power,The Steady Hand in the Room Where Everyone Is Shouting,the-steady-hand-in-the-room-where-everyone-is-shouting,https://www.gamlahealing.com/blogs/sabian-symbols/the-steady-hand-in-the-room-where-everyone-is-shouting,Virgo 13 - Statesman Overcomes Hysteria - The Steady Hand in the Room Where Everyone Is Shouting
164,Virgo,14,33,11,Aristocratic Family Tree,Gentility,The Strength in the Trunk Is the Strength of the Root,the-strength-in-the-trunk-is-the-strength-of-the-root,https://www.gamlahealing.com/blogs/sabian-symbols/the-strength-in-the-trunk-is-the-strength-of-the-root,Virgo 14 - Aristocratic Family Tree - The Strength in the Trunk Is the Strength of the Root
165,Virgo,15,33,11,Fine Lace Handkerchief Heirloom,Gracefulness,The Token of Grace Is in Your Hands Now,the-token-of-grace-is-in-your-hands-now,https://www.gamlahealing.com/blogs/sabian-symbols/the-token-of-grace-is-in-your-hands-now,Virgo 15 - Fine Lace Handkerchief Heirloom - The Token of Grace Is in Your Hands Now
166,Virgo,16,34,12,Children Face an Orangutan,Dexterity,What Looks Back at You from Behind the Glass,what-looks-back-at-you-from-behind-the-glass,https://www.gamlahealing.com/blogs/sabian-symbols/what-looks-back-at-you-from-behind-the-glass,Virgo 16 - Children Face an Orangutan - What Looks Back at You from Behind the Glass
167,Virgo,17,34,12,Volcanic Eruption,Explosion,The Mountain That Has Been Holding Too Much for Too Long,the-mountain-that-has-been-holding-too-much-for-too-long,https://www.gamlahealing.com/blogs/sabian-symbols/the-mountain-that-has-been-holding-too-much-for-too-long,Virgo 17 - Volcanic Eruption - The Mountain That Has Been Holding Too Much for Too Long
168,Virgo,18,34,12,A Ouija Board,Acumen,"The Hand That Moves, Who Is Moving It?",the-hand-that-moves-who-is-moving-it,https://www.gamlahealing.com/blogs/sabian-symbols/the-hand-that-moves-who-is-moving-it,"Virgo 18 - A Ouija Board - The Hand That Moves, Who Is Moving It?"
169,Virgo,19,34,12,A Swimming Race,Elimination,The Race Is With Yesterday's Version of Yourself,the-race-is-with-yesterdays-version-of-yourself,https://www.gamlahealing.com/blogs/sabian-symbols/the-race-is-with-yesterdays-version-of-yourself,Virgo 19 - A Swimming Race - The Race Is With Yesterday's Version of Yourself
170,Virgo,20,34,12,Caravan Headed to West Coast,Variety,"Everyone in Their Own Car, All Going the Same Direction",everyone-in-their-own-car-all-going-the-same-direction,https://www.gamlahealing.com/blogs/sabian-symbols/everyone-in-their-own-car-all-going-the-same-direction,"Virgo 20 - Caravan Headed to West Coast - Everyone in Their Own Car, All Going the Same Direction"
171,Virgo,21,35,12,A Girl's Basketball Team,Expression,The Ball Goes Through the Ring Because Five Players Made It Possible,the-ball-goes-through-the-ring-because-five-players-made-it-possible,https://www.gamlahealing.com/blogs/sabian-symbols/the-ball-goes-through-the-ring-because-five-players-made-it-possible,Virgo 21 - A Girl's Basketball Team - The Ball Goes Through the Ring Because Five Players Made It Possible
172,Virgo,22,35,12,Royal Coat of Arms,Prerogative,Noblesse Oblige. Nobility Confers Exacting Responsibility.,noblesse-oblige-nobility-confers-exacting-responsibility,https://www.gamlahealing.com/blogs/sabian-symbols/noblesse-oblige-nobility-confers-exacting-responsibility,Virgo 22 - Royal Coat of Arms - Noblesse Oblige. Nobility Confers Exacting Responsibility.
173,Virgo,23,35,12,Lion Tamer Displays Skill,Resoluteness,The One Who Enters the Cage Must Know the Animal Better Than Themselves,the-one-who-enters-the-cage-must-know-the-animal-better-than-themselves,https://www.gamlahealing.com/blogs/sabian-symbols/the-one-who-enters-the-cage-must-know-the-animal-better-than-themselves,Virgo 23 - Lion Tamer Displays Skill - The One Who Enters the Cage Must Know the Animal Better Than Themselves
174,Virgo,24,35,12,Mary and Her Little Lamb,Artlessness,What the Lion Tamer Must Remember on the Way Home,what-the-lion-tamer-must-remember-on-the-way-home,https://www.gamlahealing.com/blogs/sabian-symbols/what-the-lion-tamer-must-remember-on-the-way-home,Virgo 24 - Mary and Her Little Lamb - What the Lion Tamer Must Remember on the Way Home
175,Virgo,25,35,12,Flag at Half-Mast,Respect,What Remains When Everything Else Has Passed,what-remains-when-everything-else-has-passed,https://www.gamlahealing.com/blogs/sabian-symbols/what-remains-when-everything-else-has-passed,Virgo 25 - Flag at Half-Mast - What Remains When Everything Else Has Passed
176,Virgo,26,36,12,Boy with Censer Serves Priest,Rapture,The Smallest Act in the Largest Room,the-smallest-act-in-the-largest-room,https://www.gamlahealing.com/blogs/sabian-symbols/the-smallest-act-in-the-largest-room,Virgo 26 - Boy with Censer Serves Priest - The Smallest Act in the Largest Room
177,Virgo,27,36,12,Aristocratic Ladies at Court,Aplomb,The Pinky That Knows Why It Is Raised,the-pinky-that-knows-why-it-is-raised,https://www.gamlahealing.com/blogs/sabian-symbols/the-pinky-that-knows-why-it-is-raised,Virgo 27 - Aristocratic Ladies at Court - The Pinky That Knows Why It Is Raised
178,Virgo,28,36,12,Baldheaded Man Seizes Power,Dominance,The Will That Has Decided,the-will-that-has-decided,https://www.gamlahealing.com/blogs/sabian-symbols/the-will-that-has-decided,Virgo 28 - Baldheaded Man Seizes Power - The Will That Has Decided
179,Virgo,29,36,12,Seeker Reads Ancient Scroll,Discovery,"After the Revolution, the Scroll",after-the-revolution-the-scroll,https://www.gamlahealing.com/blogs/sabian-symbols/after-the-revolution-the-scroll,"Virgo 29 - Seeker Reads Ancient Scroll - After the Revolution, the Scroll"
180,Virgo,30,36,12,Deaf to Any Allurement,Safeguard,The Gate Is Here. The Task Is Now. Nothing Else,the-gate-is-here-the-task-is-now-nothing-else,https://www.gamlahealing.com/blogs/sabian-symbols/the-gate-is-here-the-task-is-now-nothing-else,Virgo 30 - Deaf to Any Allurement - The Gate Is Here. The Task Is Now. Nothing Else
181,Libra,1,37,13,Butterfly Made Perfect,Articulation,The Butterfly That Cannot Fly Again and Cannot Decay,the-butterfly-that-cannot-fly-again-and-cannot-decay,https://www.gamlahealing.com/blogs/sabian-symbols/the-butterfly-that-cannot-fly-again-and-cannot-decay,Libra 1 - Butterfly Made Perfect - The Butterfly That Cannot Fly Again and Cannot Decay
182,Libra,2,37,13,Fruits Transmuted into Seed,Threshold,The Seed That Was Hidden in the Fruit,the-seed-that-was-hidden-in-the-fruit,https://www.gamlahealing.com/blogs/sabian-symbols/the-seed-that-was-hidden-in-the-fruit,Libra 2 - Fruits Transmuted into Seed - The Seed That Was Hidden in the Fruit
183,Libra,3,37,13,Dawn of a New Day,Innovation,The World Has Changed Overnight. You Are Still You.,the-world-has-changed-overnight-you-are-still-you,https://www.gamlahealing.com/blogs/sabian-symbols/the-world-has-changed-overnight-you-are-still-you,Libra 3 - Dawn of a New Day - The World Has Changed Overnight. You Are Still You.
184,Libra,4,37,13,Group Around a Campfire,Amiability,The Fire Does Not Care What You Achieved Today,the-fire-does-not-care-what-you-achieved-today,https://www.gamlahealing.com/blogs/sabian-symbols/the-fire-does-not-care-what-you-achieved-today,Libra 4 - Group Around a Campfire - The Fire Does Not Care What You Achieved Today
185,Libra,5,37,13,Teacher of Inner Knowledge,Affinity,What Is Transmitted Is Not Knowledge. It Is Being.,what-is-transmitted-is-not-knowledge-it-is-being,https://www.gamlahealing.com/blogs/sabian-symbols/what-is-transmitted-is-not-knowledge-it-is-being,Libra 5 - Teacher of Inner Knowledge - What Is Transmitted Is Not Knowledge. It Is Being.
186,Libra,6,38,13,Ideals Taking Concrete Form,Personification,The Moment Before the World Sees What You Have Imagined,the-moment-before-the-world-sees-what-you-have-imagined,https://www.gamlahealing.com/blogs/sabian-symbols/the-moment-before-the-world-sees-what-you-have-imagined,Libra 6 - Ideals Taking Concrete Form - The Moment Before the World Sees What You Have Imagined
187,Libra,7,38,13,Woman Feeding Chickens,Shrewdness,The Feeding Hand and the Eye That Watches the Sky,the-feeding-hand-and-the-eye-that-watches-the-sky,https://www.gamlahealing.com/blogs/sabian-symbols/the-feeding-hand-and-the-eye-that-watches-the-sky,Libra 7 - Woman Feeding Chickens - The Feeding Hand and the Eye That Watches the Sky
188,Libra,8,38,13,"Blazing Fireplace, Deserted Home",Guardianship,The Fire That Burns When No One Is Home,the-fire-that-burns-when-no-one-is-home,https://www.gamlahealing.com/blogs/sabian-symbols/the-fire-that-burns-when-no-one-is-home,"Libra 8 - Blazing Fireplace, Deserted Home - The Fire That Burns When No One Is Home"
189,Libra,9,38,13,Three Old Masters,Accord,The Three Who Looked at the Same Light in Three Different Ages,the-three-who-looked-at-the-same-light-in-three-different-ages,https://www.gamlahealing.com/blogs/sabian-symbols/the-three-who-looked-at-the-same-light-in-three-different-ages,Libra 9 - Three Old Masters - The Three Who Looked at the Same Light in Three Different Ages
190,Libra,10,38,13,Canoe Reaches Calm Waters,Competency,The River Was Dangerous. The Calm Is Now.,the-river-was-dangerous-the-calm-is-now,https://www.gamlahealing.com/blogs/sabian-symbols/the-river-was-dangerous-the-calm-is-now,Libra 10 - Canoe Reaches Calm Waters - The River Was Dangerous. The Calm Is Now.
191,Libra,11,39,13,Professor Peering Over Glasses,Specialisation,The One Who Knows So Much They Must Peer Over Their Glasses to See You,the-one-who-knows-so-much-they-must-peer-over-their-glasses-to-see-you,https://www.gamlahealing.com/blogs/sabian-symbols/the-one-who-knows-so-much-they-must-peer-over-their-glasses-to-see-you,Libra 11 - Professor Peering Over Glasses - The One Who Knows So Much They Must Peer Over Their Glasses to See You
192,Libra,12,39,13,Miners Surfacing,Escape,"The Surface Is Not Where They Live, But They Are Coming Back to It",the-surface-is-not-where-they-live-but-they-are-coming-back-to-it,https://www.gamlahealing.com/blogs/sabian-symbols/the-surface-is-not-where-they-live-but-they-are-coming-back-to-it,"Libra 12 - Miners Surfacing - The Surface Is Not Where They Live, But They Are Coming Back to It"
193,Libra,13,39,13,Children Blowing Soap Bubbles,Enchantment,The Bubble Knows Something the Professor and the Miner Have Forgotten,the-bubble-knows-something-the-professor-and-the-miner-have-forgotten,https://www.gamlahealing.com/blogs/sabian-symbols/the-bubble-knows-something-the-professor-and-the-miner-have-forgotten,Libra 13 - Children Blowing Soap Bubbles - The Bubble Knows Something the Professor and the Miner Have Forgotten
194,Libra,14,39,13,Man Takes a Siesta at Noon,Recuperation,The Midday Stop That Makes the Afternoon Possible,the-midday-stop-that-makes-the-afternoon-possible,https://www.gamlahealing.com/blogs/sabian-symbols/the-midday-stop-that-makes-the-afternoon-possible,Libra 14 - Man Takes a Siesta at Noon - The Midday Stop That Makes the Afternoon Possible
195,Libra,15,39,13,Circular Paths,Congruity,You Are Not the Path. You Are the Centre.,you-are-not-the-path-you-are-the-centre,https://www.gamlahealing.com/blogs/sabian-symbols/you-are-not-the-path-you-are-the-centre,Libra 15 - Circular Paths - You Are Not the Path. You Are the Centre.
196,Libra,16,40,14,Boat Landing After a Storm,Respite,"The Storm Came Through, and Now the Landing Needs to Be Built Again",the-storm-came-through-and-now-the-landing-needs-to-be-built-again,https://www.gamlahealing.com/blogs/sabian-symbols/the-storm-came-through-and-now-the-landing-needs-to-be-built-again,"Libra 16 - Boat Landing After a Storm - The Storm Came Through, and Now the Landing Needs to Be Built Again"
197,Libra,17,40,14,Retired Sea Captain,Relaxation,The Man Who Has Sailed Every Sea and Now Watches from the Shore,the-man-who-has-sailed-every-sea-and-now-watches-from-the-shore,https://www.gamlahealing.com/blogs/sabian-symbols/the-man-who-has-sailed-every-sea-and-now-watches-from-the-shore,Libra 17 - Retired Sea Captain - The Man Who Has Sailed Every Sea and Now Watches from the Shore
198,Libra,18,40,14,Two Men Placed Under Arrest,Consequence,The Line That Was Crossed and the Men Who Knew They Were Crossing It,the-line-that-was-crossed-and-the-men-who-knew-they-were-crossing-it,https://www.gamlahealing.com/blogs/sabian-symbols/the-line-that-was-crossed-and-the-men-who-knew-they-were-crossing-it,Libra 18 - Two Men Placed Under Arrest - The Line That Was Crossed and the Men Who Knew They Were Crossing It
199,Libra,19,40,14,Gang of Robbers in Hiding,Divergence,The Gang That History Will Eventually Call Something Else,the-gang-that-history-will-eventually-call-something-else,https://www.gamlahealing.com/blogs/sabian-symbols/the-gang-that-history-will-eventually-call-something-else,Libra 19 - Gang of Robbers in Hiding - The Gang That History Will Eventually Call Something Else
200,Libra,20,40,14,Rabbi Performing His Duties,Heritage,The One Who Stands on the Shoulders of Giants to See Further,the-one-who-stands-on-the-shoulders-of-giants-to-see-further,https://www.gamlahealing.com/blogs/sabian-symbols/the-one-who-stands-on-the-shoulders-of-giants-to-see-further,Libra 20 - Rabbi Performing His Duties - The One Who Stands on the Shoulders of Giants to See Further
201,Libra,21,41,14,Sunday Crowd on the Beach,Exhilaration,Sinking Into the Mystery,sinking-into-the-mystery,https://www.gamlahealing.com/blogs/sabian-symbols/sinking-into-the-mystery,Libra 21 - Sunday Crowd on the Beach - Sinking Into the Mystery
202,Libra,22,41,14,Child Giving Birds a Drink,Solicitude,The Water You Did Not Have to Give,the-water-you-did-not-have-to-give,https://www.gamlahealing.com/blogs/sabian-symbols/the-water-you-did-not-have-to-give,Libra 22 - Child Giving Birds a Drink - The Water You Did Not Have to Give
203,Libra,23,41,14,Chanticleer Heralds Sunrise,Fervor,The Voice That Doesn't Wait for Permission,the-voice-that-doesnt-wait-for-permission,https://www.gamlahealing.com/blogs/sabian-symbols/the-voice-that-doesnt-wait-for-permission,Libra 23 - Chanticleer Heralds Sunrise - The Voice That Doesn't Wait for Permission
204,Libra,24,41,14,Butterfly's Third Wing,Distinctiveness,The Wing You Weren't Supposed to Have,the-wing-you-werent-supposed-to-have,https://www.gamlahealing.com/blogs/sabian-symbols/the-wing-you-werent-supposed-to-have,Libra 24 - Butterfly's Third Wing - The Wing You Weren't Supposed to Have
205,Libra,25,41,14,Autumn Leaf Revelation,Tact,The Leaf That Was Never Just Decoration,the-leaf-that-was-never-just-decoration,https://www.gamlahealing.com/blogs/sabian-symbols/the-leaf-that-was-never-just-decoration,Libra 25 - Autumn Leaf Revelation - The Leaf That Was Never Just Decoration
206,Libra,26,42,14,Eagle and White Dove,Adeptness,The Space Where Neither Bird Wins,the-space-where-neither-bird-wins,https://www.gamlahealing.com/blogs/sabian-symbols/the-space-where-neither-bird-wins,Libra 26 - Eagle and White Dove - The Space Where Neither Bird Wins
207,Libra,27,42,14,Airplane High in a Clear Sky,Reflection,Held Aloft Long Enough to See Clearly,held-aloft-long-enough-to-see-clearly,https://www.gamlahealing.com/blogs/sabian-symbols/held-aloft-long-enough-to-see-clearly,Libra 27 - Airplane High in a Clear Sky - Held Aloft Long Enough to See Clearly
208,Libra,28,42,14,Man Aware of Spiritual Forces,Responsiveness,The Community You Didn't Notice Was Holding You,the-community-you-didnt-notice-was-holding-you,https://www.gamlahealing.com/blogs/sabian-symbols/the-community-you-didnt-notice-was-holding-you,Libra 28 - Man Aware of Spiritual Forces - The Community You Didn't Notice Was Holding You
209,Libra,29,42,14,Humanity Reaching for Knowledge,Rationality,The Chain That Runs Through Your Hands,the-chain-that-runs-through-your-hands,https://www.gamlahealing.com/blogs/sabian-symbols/the-chain-that-runs-through-your-hands,Libra 29 - Humanity Reaching for Knowledge - The Chain That Runs Through Your Hands
210,Libra,30,42,14,Three Mounds of Knowledge,Prescience,You Do Not Need a Fourth Mound,you-do-not-need-a-fourth-mound,https://www.gamlahealing.com/blogs/sabian-symbols/you-do-not-need-a-fourth-mound,Libra 30 - Three Mounds of Knowledge - You Do Not Need a Fourth Mound
211,Scorpio,1,43,15,Crowded Sightseeing Bus,Friendliness,More Than Watching Through the Glass,more-than-watching-through-the-glass,https://www.gamlahealing.com/blogs/sabian-symbols/more-than-watching-through-the-glass,Scorpio 1 - Crowded Sightseeing Bus - More Than Watching Through the Glass
212,Scorpio,2,43,15,Broken Bottle of Perfume,Permeation,The Fragrance You Can't Put Back,the-fragrance-you-cant-put-back,https://www.gamlahealing.com/blogs/sabian-symbols/the-fragrance-you-cant-put-back,Scorpio 2 - Broken Bottle of Perfume - The Fragrance You Can't Put Back
213,Scorpio,3,43,15,Village House-Raising Party,Helpfulness,What Gets Built When No One Builds Alone,what-gets-built-when-no-one-builds-alone,https://www.gamlahealing.com/blogs/sabian-symbols/what-gets-built-when-no-one-builds-alone,Scorpio 3 - Village House-Raising Party - What Gets Built When No One Builds Alone
214,Scorpio,4,43,15,Youth Carrying a Candle,Reliance,The Flame That Doesn't Apologize for Being Small,the-flame-that-doesnt-apologize-for-being-small,https://www.gamlahealing.com/blogs/sabian-symbols/the-flame-that-doesnt-apologize-for-being-small,Scorpio 4 - Youth Carrying a Candle - The Flame That Doesn't Apologize for Being Small
215,Scorpio,5,43,15,Rocky Shore Against the Sea,Stabilization,What the Rock Knows That the Wave Doesn't,what-the-rock-knows-that-the-wave-doesnt,https://www.gamlahealing.com/blogs/sabian-symbols/what-the-rock-knows-that-the-wave-doesnt,Scorpio 5 - Rocky Shore Against the Sea - What the Rock Knows That the Wave Doesn't
216,Scorpio,6,44,15,The Gold Rush,Ambition,Gold Is Only the Name for the Hope,gold-is-only-the-name-for-the-hope,https://www.gamlahealing.com/blogs/sabian-symbols/gold-is-only-the-name-for-the-hope,Scorpio 6 - The Gold Rush - Gold Is Only the Name for the Hope
217,Scorpio,7,44,15,Deep-Sea Divers,Involvement,The Depths Gold Could Never Buy,the-depths-gold-could-never-buy,https://www.gamlahealing.com/blogs/sabian-symbols/the-depths-gold-could-never-buy,Scorpio 7 - Deep-Sea Divers - The Depths Gold Could Never Buy
218,Scorpio,8,44,15,Calm Lake in Moonlight,Rapport,The Lake That Didn't Have to Try,the-lake-that-didnt-have-to-try,https://www.gamlahealing.com/blogs/sabian-symbols/the-lake-that-didnt-have-to-try,Scorpio 8 - Calm Lake in Moonlight - The Lake That Didn't Have to Try
219,Scorpio,9,44,15,Dentist at Work,Practicality,What the Decay Was Trying to Tell You,what-the-decay-was-trying-to-tell-you,https://www.gamlahealing.com/blogs/sabian-symbols/what-the-decay-was-trying-to-tell-you,Scorpio 9 - Dentist at Work - What the Decay Was Trying to Tell You
220,Scorpio,10,44,15,Fellowship Supper,Fraternity,The Table That Still Remembers You,the-table-that-still-remembers-you,https://www.gamlahealing.com/blogs/sabian-symbols/the-table-that-still-remembers-you,Scorpio 10 - Fellowship Supper - The Table That Still Remembers You
221,Scorpio,11,45,15,Drowning Man Rescued,Safety,What Made Someone Dive In,what-made-someone-dive-in,https://www.gamlahealing.com/blogs/sabian-symbols/what-made-someone-dive-in,Scorpio 11 - Drowning Man Rescued - What Made Someone Dive In
222,Scorpio,12,45,15,Official Embassy Ball,Display,Full Dress Standing In for Armor,full-dress-standing-in-for-armor,https://www.gamlahealing.com/blogs/sabian-symbols/full-dress-standing-in-for-armor,Scorpio 12 - Official Embassy Ball - Full Dress Standing In for Armor
223,Scorpio,13,45,15,Inventor's Experiment,Cleverness,The Dots You Didn't Know Were Connected,the-dots-you-didnt-know-were-connected,https://www.gamlahealing.com/blogs/sabian-symbols/the-dots-you-didnt-know-were-connected,Scorpio 13 - Inventor's Experiment - The Dots You Didn't Know Were Connected
224,Scorpio,14,45,15,Telephone Linemen at Work,Attachment,Someone Had to Climb the Pole First,someone-had-to-climb-the-pole-first,https://www.gamlahealing.com/blogs/sabian-symbols/someone-had-to-climb-the-pole-first,Scorpio 14 - Telephone Linemen at Work - Someone Had to Climb the Pole First
225,Scorpio,15,45,15,Children Around Mounds of Sand,Naivete,The Kindergarten of a Higher Mind,the-kindergarten-of-a-higher-mind,https://www.gamlahealing.com/blogs/sabian-symbols/the-kindergarten-of-a-higher-mind,Scorpio 15 - Children Around Mounds of Sand - The Kindergarten of a Higher Mind
226,Scorpio,16,46,16,Girl's Face Breaking Into a Smile,Acquiescence,What the Smile Couldn't Keep Hidden,what-the-smile-couldnt-keep-hidden,https://www.gamlahealing.com/blogs/sabian-symbols/what-the-smile-couldnt-keep-hidden,Scorpio 16 - Girl's Face Breaking Into a Smile - What the Smile Couldn't Keep Hidden
227,Scorpio,17,46,16,Woman Great With Child,Nucleation,No One Else Can Father This,no-one-else-can-father-this,https://www.gamlahealing.com/blogs/sabian-symbols/no-one-else-can-father-this,Scorpio 17 - Woman Great With Child - No One Else Can Father This
228,Scorpio,18,46,16,Path Through Autumn Woods,Fulfillment,What Only Autumn Could Reveal,what-only-autumn-could-reveal,https://www.gamlahealing.com/blogs/sabian-symbols/what-only-autumn-could-reveal,Scorpio 18 - Path Through Autumn Woods - What Only Autumn Could Reveal
229,Scorpio,19,46,16,Parrot Repeating a Conversation,Conventionality,What the Parrot Carried Without Understanding,what-the-parrot-carried-without-understanding,https://www.gamlahealing.com/blogs/sabian-symbols/what-the-parrot-carried-without-understanding,Scorpio 19 - Parrot Repeating a Conversation - What the Parrot Carried Without Understanding
230,Scorpio,20,46,16,Woman Drawing Aside Two Curtains,Daring,What Waits Past the Last Veil,what-waits-past-the-last-veil,https://www.gamlahealing.com/blogs/sabian-symbols/what-waits-past-the-last-veil,Scorpio 20 - Woman Drawing Aside Two Curtains - What Waits Past the Last Veil
231,Scorpio,21,47,16,Soldier Resisting Orders,Deviation,The Order Conscience Already Refused,the-order-conscience-already-refused,https://www.gamlahealing.com/blogs/sabian-symbols/the-order-conscience-already-refused,Scorpio 21 - Soldier Resisting Orders - The Order Conscience Already Refused
232,Scorpio,22,47,16,Hunters Shooting Wild Ducks,Enterprise,Give the Instinct Somewhere to Go,give-the-instinct-somewhere-to-go,https://www.gamlahealing.com/blogs/sabian-symbols/give-the-instinct-somewhere-to-go,Scorpio 22 - Hunters Shooting Wild Ducks - Give the Instinct Somewhere to Go
233,Scorpio,23,47,16,Bunny Becoming a Nature Spirit,Transition,What the Fairy Was Made Of,what-the-fairy-was-made-of,https://www.gamlahealing.com/blogs/sabian-symbols/what-the-fairy-was-made-of,Scorpio 23 - Bunny Becoming a Nature Spirit - What the Fairy Was Made Of
234,Scorpio,24,47,16,Crowd Descending the Mountain,Appeal,Finish Walking Down the Mountain,finish-walking-down-the-mountain,https://www.gamlahealing.com/blogs/sabian-symbols/finish-walking-down-the-mountain,Scorpio 24 - Crowd Descending the Mountain - Finish Walking Down the Mountain
235,Scorpio,25,47,16,An X-Ray Photograph,Investigation,Past What the Skin Shows,past-what-the-skin-shows,https://www.gamlahealing.com/blogs/sabian-symbols/past-what-the-skin-shows,Scorpio 25 - An X-Ray Photograph - Past What the Skin Shows
236,Scorpio,26,48,16,Making Camp in New Territory,Extemporization,Make Camp in This Territory,make-camp-in-this-territory,https://www.gamlahealing.com/blogs/sabian-symbols/make-camp-in-this-territory,Scorpio 26 - Making Camp in New Territory - Make Camp in This Territory
237,Scorpio,27,48,16,Military Band Marching,Intrepidity,Loud Enough to Be Heard,loud-enough-to-be-heard,https://www.gamlahealing.com/blogs/sabian-symbols/loud-enough-to-be-heard,Scorpio 27 - Military Band Marching - Loud Enough to Be Heard
238,Scorpio,28,48,16,King of the Fairies,Allegiance,The King Who Needs No Permission,the-king-who-needs-no-permission,https://www.gamlahealing.com/blogs/sabian-symbols/the-king-who-needs-no-permission,Scorpio 28 - King of the Fairies - The King Who Needs No Permission
239,Scorpio,29,48,16,Mother Pleading for Her Sons,Effectiveness,"Mercy Asked, Not Demanded",mercy-asked-not-demanded,https://www.gamlahealing.com/blogs/sabian-symbols/mercy-asked-not-demanded,"Scorpio 29 - Mother Pleading for Her Sons - Mercy Asked, Not Demanded"
240,Scorpio,30,48,16,Halloween Jester,Spontaneousness,What the Mask Was Allowed to Say,what-the-mask-was-allowed-to-say,https://www.gamlahealing.com/blogs/sabian-symbols/what-the-mask-was-allowed-to-say,Scorpio 30 - Halloween Jester - What the Mask Was Allowed to Say
241,Sagittarius,1,49,17,Veterans Reawaken Old Memories,Reminiscence,The Meaning Struggle Leaves Behind,the-meaning-struggle-leaves-behind,https://www.gamlahealing.com/blogs/sabian-symbols/the-meaning-struggle-leaves-behind,Sagittarius 1 - Veterans Reawaken Old Memories - The Meaning Struggle Leaves Behind
242,Sagittarius,2,49,17,White-Capped Waves,Irrepressibility,Surf What You Cannot Still,surf-what-you-cannot-still,https://www.gamlahealing.com/blogs/sabian-symbols/surf-what-you-cannot-still,Sagittarius 2 - White-Capped Waves - Surf What You Cannot Still
243,Sagittarius,3,49,17,Two Men Playing Chess,Ability,The Contest Both Players Chose,the-contest-both-players-chose,https://www.gamlahealing.com/blogs/sabian-symbols/the-contest-both-players-chose,Sagittarius 3 - Two Men Playing Chess - The Contest Both Players Chose
244,Sagittarius,4,49,17,Child Learning to Walk,Individuality,Nobody Learns to Walk Alone,nobody-learns-to-walk-alone,https://www.gamlahealing.com/blogs/sabian-symbols/nobody-learns-to-walk-alone,Sagittarius 4 - Child Learning to Walk - Nobody Learns to Walk Alone
245,Sagittarius,5,49,17,Old Owl in a Tree,Normality,The Wisdom That Doesn't Need an Audience,the-wisdom-that-doesnt-need-an-audience,https://www.gamlahealing.com/blogs/sabian-symbols/the-wisdom-that-doesnt-need-an-audience,Sagittarius 5 - Old Owl in a Tree - The Wisdom That Doesn't Need an Audience
246,Sagittarius,6,50,17,A Game of Cricket,Sportsmanship,Principle Above the Score,principle-above-the-score,https://www.gamlahealing.com/blogs/sabian-symbols/principle-above-the-score,Sagittarius 6 - A Game of Cricket - Principle Above the Score
247,Sagittarius,7,50,17,Cupid Knocks at the Heart,Allurement,Answer the Knock With Open Eyes,answer-the-knock-with-open-eyes,https://www.gamlahealing.com/blogs/sabian-symbols/answer-the-knock-with-open-eyes,Sagittarius 7 - Cupid Knocks at the Heart - Answer the Knock With Open Eyes
248,Sagittarius,8,50,17,New Elements Forming in the Earth,Composition,Still Forming Inside the Stone,still-forming-inside-the-stone,https://www.gamlahealing.com/blogs/sabian-symbols/still-forming-inside-the-stone,Sagittarius 8 - New Elements Forming in the Earth - Still Forming Inside the Stone
249,Sagittarius,9,50,17,Mother Leading a Child Upstairs,Education,"Keep Climbing, Guided or Guiding",keep-climbing-guided-or-guiding,https://www.gamlahealing.com/blogs/sabian-symbols/keep-climbing-guided-or-guiding,"Sagittarius 9 - Mother Leading a Child Upstairs - Keep Climbing, Guided or Guiding"
250,Sagittarius,10,50,17,Goddess of Opportunity,Reward,"Luck Is Made, Not Found",luck-is-made-not-found,https://www.gamlahealing.com/blogs/sabian-symbols/luck-is-made-not-found,"Sagittarius 10 - Goddess of Opportunity - Luck Is Made, Not Found"
251,Sagittarius,11,51,17,Lamp in a Body-Shaped Vessel,Reconciliation,What the Lamp Needed a Body to Hold,what-the-lamp-needed-a-body-to-hold,https://www.gamlahealing.com/blogs/sabian-symbols/what-the-lamp-needed-a-body-to-hold,Sagittarius 11 - Lamp in a Body-Shaped Vessel - What the Lamp Needed a Body to Hold
252,Sagittarius,12,51,17,"Flag, Eagle and Chanticleer",Adjustment,Adjust Without Surrendering,adjust-without-surrendering,https://www.gamlahealing.com/blogs/sabian-symbols/adjust-without-surrendering,"Sagittarius 12 - Flag, Eagle and Chanticleer - Adjust Without Surrendering"
253,Sagittarius,13,51,17,A Widow's Past Brought to Light,Rectification,The Ghost That Wouldn't Stay Buried,the-ghost-that-wouldnt-stay-buried,https://www.gamlahealing.com/blogs/sabian-symbols/the-ghost-that-wouldnt-stay-buried,Sagittarius 13 - A Widow's Past Brought to Light - The Ghost That Wouldn't Stay Buried
254,Sagittarius,14,51,17,The Great Pyramid and the Sphinx,Certification,What the Stones Were Built to Outlast,what-the-stones-were-built-to-outlast,https://www.gamlahealing.com/blogs/sabian-symbols/what-the-stones-were-built-to-outlast,Sagittarius 14 - The Great Pyramid and the Sphinx - What the Stones Were Built to Outlast
255,Sagittarius,15,51,17,Groundhog Looking for Its Shadow,Reassurance,"Check for the Shadow, Then Emerge",check-for-the-shadow-then-emerge,https://www.gamlahealing.com/blogs/sabian-symbols/check-for-the-shadow-then-emerge,"Sagittarius 15 - Groundhog Looking for Its Shadow - Check for the Shadow, Then Emerge"
256,Sagittarius,16,52,18,Seagulls Watching a Ship,Alertness,The Vigilance That Comfort Erodes,the-vigilance-that-comfort-erodes,https://www.gamlahealing.com/blogs/sabian-symbols/the-vigilance-that-comfort-erodes,Sagittarius 16 - Seagulls Watching a Ship - The Vigilance That Comfort Erodes
257,Sagittarius,17,52,18,Easter Sunrise Service,Rebirth,Why the Ritual Has to Stay Rare,why-the-ritual-has-to-stay-rare,https://www.gamlahealing.com/blogs/sabian-symbols/why-the-ritual-has-to-stay-rare,Sagittarius 17 - Easter Sunrise Service - Why the Ritual Has to Stay Rare
258,Sagittarius,18,52,18,Children in Sunbonnets,Innocence,Outgrow the Sunbonnet,outgrow-the-sunbonnet,https://www.gamlahealing.com/blogs/sabian-symbols/outgrow-the-sunbonnet,Sagittarius 18 - Children in Sunbonnets - Outgrow the Sunbonnet
259,Sagittarius,19,52,18,Pelicans Seeking Safer Ground,Frontier,The Frontier Is a Moving Line,the-frontier-is-a-moving-line,https://www.gamlahealing.com/blogs/sabian-symbols/the-frontier-is-a-moving-line,Sagittarius 19 - Pelicans Seeking Safer Ground - The Frontier Is a Moving Line
260,Sagittarius,20,52,18,Villagers Cutting Ice,Procurement,Cut the Ice While You Can,cut-the-ice-while-you-can,https://www.gamlahealing.com/blogs/sabian-symbols/cut-the-ice-while-you-can,Sagittarius 20 - Villagers Cutting Ice - Cut the Ice While You Can
261,Sagittarius,21,53,18,Child and Dog in Borrowed Glasses,Examination,Borrow the Vision Until It's Yours,borrow-the-vision-until-its-yours,https://www.gamlahealing.com/blogs/sabian-symbols/borrow-the-vision-until-its-yours,Sagittarius 21 - Child and Dog in Borrowed Glasses - Borrow the Vision Until It's Yours
262,Sagittarius,22,53,18,A Chinese Laundry,Seclusion,The Dignity Nobody Applauds,the-dignity-nobody-applauds,https://www.gamlahealing.com/blogs/sabian-symbols/the-dignity-nobody-applauds,Sagittarius 22 - A Chinese Laundry - The Dignity Nobody Applauds
263,Sagittarius,23,53,18,Immigrants Entering a New Country,Entrance,Cross the Threshold Without Losing Yourself,cross-the-threshold-without-losing-yourself,https://www.gamlahealing.com/blogs/sabian-symbols/cross-the-threshold-without-losing-yourself,Sagittarius 23 - Immigrants Entering a New Country - Cross the Threshold Without Losing Yourself
264,Sagittarius,24,53,18,Bluebird at a Cottage Gate,Fortune,Fortune Favors the Attentive,fortune-favors-the-attentive,https://www.gamlahealing.com/blogs/sabian-symbols/fortune-favors-the-attentive,Sagittarius 24 - Bluebird at a Cottage Gate - Fortune Favors the Attentive
265,Sagittarius,25,53,18,Chubby Boy on a Hobbyhorse,Emulation,"Play Now, Become Later",play-now-become-later,https://www.gamlahealing.com/blogs/sabian-symbols/play-now-become-later,"Sagittarius 25 - Chubby Boy on a Hobbyhorse - Play Now, Become Later"
266,Sagittarius,26,54,18,Flag Bearer in a Battle,Nobility,"Carry the Flag, Lose the Self",carry-the-flag-lose-the-self,https://www.gamlahealing.com/blogs/sabian-symbols/carry-the-flag-lose-the-self,"Sagittarius 26 - Flag Bearer in a Battle - Carry the Flag, Lose the Self"
267,Sagittarius,27,54,18,A Sculptor at Work,Immortalization,Light Through Stone,light-through-stone,https://www.gamlahealing.com/blogs/sabian-symbols/light-through-stone,Sagittarius 27 - A Sculptor at Work - Light Through Stone
268,Sagittarius,28,54,18,Old Bridge Over a Stream,Conservation,Useful and Beautiful Were Never Enemies,useful-and-beautiful-were-never-enemies,https://www.gamlahealing.com/blogs/sabian-symbols/useful-and-beautiful-were-never-enemies,Sagittarius 28 - Old Bridge Over a Stream - Useful and Beautiful Were Never Enemies
269,Sagittarius,29,54,18,Fat Boy Mowing the Lawn,Participation,"Ordinary Duty, Extraordinary Character",ordinary-duty-extraordinary-character,https://www.gamlahealing.com/blogs/sabian-symbols/ordinary-duty-extraordinary-character,"Sagittarius 29 - Fat Boy Mowing the Lawn - Ordinary Duty, Extraordinary Character"
270,Sagittarius,30,54,18,The Pope Blessing the Faithful,Sanctity,The Flag Bearer Became the Pope,the-flag-bearer-became-the-pope,https://www.gamlahealing.com/blogs/sabian-symbols/the-flag-bearer-became-the-pope,Sagittarius 30 - The Pope Blessing the Faithful - The Flag Bearer Became the Pope
271,Capricorn,1,55,19,A Chief Claims Power,Inflexibility,Someone Has to Lead,someone-has-to-lead,https://www.gamlahealing.com/blogs/sabian-symbols/someone-has-to-lead,Capricorn 1 - A Chief Claims Power - Someone Has to Lead
272,Capricorn,2,55,19,"Three Rose Windows, One Damaged",Commemoration,Two Windows Survived,two-windows-survived,https://www.gamlahealing.com/blogs/sabian-symbols/two-windows-survived,"Capricorn 2 - Three Rose Windows, One Damaged - Two Windows Survived"
273,Capricorn,3,55,19,A Soul Seeking Embodiment,Avidity,Why the Soul Keeps Choosing a Body,why-the-soul-keeps-choosing-a-body,https://www.gamlahealing.com/blogs/sabian-symbols/why-the-soul-keeps-choosing-a-body,Capricorn 3 - A Soul Seeking Embodiment - Why the Soul Keeps Choosing a Body
274,Capricorn,4,55,19,Outfitting a Large Canoe,Ordering,Every Great Journey Starts With Packing Well,every-great-journey-starts-with-packing-well,https://www.gamlahealing.com/blogs/sabian-symbols/every-great-journey-starts-with-packing-well,Capricorn 4 - Outfitting a Large Canoe - Every Great Journey Starts With Packing Well
275,Capricorn,5,55,19,War Party in a Canoe,Mobilization,When Grace Isn't Enough,when-grace-isnt-enough,https://www.gamlahealing.com/blogs/sabian-symbols/when-grace-isnt-enough,Capricorn 5 - War Party in a Canoe - When Grace Isn't Enough
276,Capricorn,6,56,19,Ten Logs Under an Archway,Thoroughness,Finish Before You Cross,finish-before-you-cross,https://www.gamlahealing.com/blogs/sabian-symbols/finish-before-you-cross,Capricorn 6 - Ten Logs Under an Archway - Finish Before You Cross
277,Capricorn,7,56,19,A Veiled Prophet Speaks,Supremacy,Seized by Something Larger,seized-by-something-larger,https://www.gamlahealing.com/blogs/sabian-symbols/seized-by-something-larger,Capricorn 7 - A Veiled Prophet Speaks - Seized by Something Larger
278,Capricorn,8,56,19,Birds Singing in a Sunlit Home,Establishment,Joy Was Never Waiting Outside the Walls,joy-was-never-waiting-outside-the-walls,https://www.gamlahealing.com/blogs/sabian-symbols/joy-was-never-waiting-outside-the-walls,Capricorn 8 - Birds Singing in a Sunlit Home - Joy Was Never Waiting Outside the Walls
279,Capricorn,9,56,19,An Angel Carrying a Harp,Attunement,The Note Was Already Playing,the-note-was-already-playing,https://www.gamlahealing.com/blogs/sabian-symbols/the-note-was-already-playing,Capricorn 9 - An Angel Carrying a Harp - The Note Was Already Playing
280,Capricorn,10,56,19,Albatross Fed by a Sailor,Nurture,"Feed First, Then Receive",feed-first-then-receive,https://www.gamlahealing.com/blogs/sabian-symbols/feed-first-then-receive,"Capricorn 10 - Albatross Fed by a Sailor - Feed First, Then Receive"
281,Capricorn,11,57,19,Pheasants on a Private Estate,Illimitability,Don't Match the Flock,dont-match-the-flock,https://www.gamlahealing.com/blogs/sabian-symbols/dont-match-the-flock,Capricorn 11 - Pheasants on a Private Estate - Don't Match the Flock
282,Capricorn,12,57,19,Illustrated Lecture on Natural Science,Explanation,"Explain, Don't Just Impress",explain-dont-just-impress,https://www.gamlahealing.com/blogs/sabian-symbols/explain-dont-just-impress,"Capricorn 12 - Illustrated Lecture on Natural Science - Explain, Don't Just Impress"
283,Capricorn,13,57,19,A Fire Worshipper Meditates,Magic,"Guard the Fire, Not the Ego",guard-the-fire-not-the-ego,https://www.gamlahealing.com/blogs/sabian-symbols/guard-the-fire-not-the-ego,"Capricorn 13 - A Fire Worshipper Meditates - Guard the Fire, Not the Ego"
284,Capricorn,14,57,19,Ancient Bas-Relief in Granite,Foundation,Carve It Deep Enough to Outlast You,carve-it-deep-enough-to-outlast-you,https://www.gamlahealing.com/blogs/sabian-symbols/carve-it-deep-enough-to-outlast-you,Capricorn 14 - Ancient Bas-Relief in Granite - Carve It Deep Enough to Outlast You
285,Capricorn,15,57,19,Toys in a Children's Hospital Ward,Abundance,Care Is Never Wasted,care-is-never-wasted,https://www.gamlahealing.com/blogs/sabian-symbols/care-is-never-wasted,Capricorn 15 - Toys in a Children's Hospital Ward - Care Is Never Wasted
286,Capricorn,16,58,20,Schoolchildren in Gym Suits,Animation,The Body Needs to Move Too,the-body-needs-to-move-too,https://www.gamlahealing.com/blogs/sabian-symbols/the-body-needs-to-move-too,Capricorn 16 - Schoolchildren in Gym Suits - The Body Needs to Move Too
287,Capricorn,17,58,20,Repressed Woman Finds Release in Nudism,Immersion,Shed What Was Never You,shed-what-was-never-you,https://www.gamlahealing.com/blogs/sabian-symbols/shed-what-was-never-you,Capricorn 17 - Repressed Woman Finds Release in Nudism - Shed What Was Never You
288,Capricorn,18,58,20,Union Jack on a British Warship,Supervision,Protection Always Has a Price,protection-always-has-a-price,https://www.gamlahealing.com/blogs/sabian-symbols/protection-always-has-a-price,Capricorn 18 - Union Jack on a British Warship - Protection Always Has a Price
289,Capricorn,19,58,20,Child Carrying a Bag of Groceries,Expectation,The Weight Was Heavier Than It Looked,the-weight-was-heavier-than-it-looked,https://www.gamlahealing.com/blogs/sabian-symbols/the-weight-was-heavier-than-it-looked,Capricorn 19 - Child Carrying a Bag of Groceries - The Weight Was Heavier Than It Looked
290,Capricorn,20,58,20,A Hidden Choir Sings,Worship,Sing Where No One Can See You,sing-where-no-one-can-see-you,https://www.gamlahealing.com/blogs/sabian-symbols/sing-where-no-one-can-see-you,Capricorn 20 - A Hidden Choir Sings - Sing Where No One Can See You
291,Capricorn,21,59,20,A Relay Race,Fitness,Nobody Runs the Whole Race Alone,nobody-runs-the-whole-race-alone,https://www.gamlahealing.com/blogs/sabian-symbols/nobody-runs-the-whole-race-alone,Capricorn 21 - A Relay Race - Nobody Runs the Whole Race Alone
292,Capricorn,22,59,20,A General Accepting Defeat,Expediency,"Lose the Battle, Keep the Purpose",lose-the-battle-keep-the-purpose,https://www.gamlahealing.com/blogs/sabian-symbols/lose-the-battle-keep-the-purpose,"Capricorn 22 - A General Accepting Defeat - Lose the Battle, Keep the Purpose"
293,Capricorn,23,59,20,Soldier Receiving Two Awards,Recognition,"Earned, Not Performed",earned-not-performed,https://www.gamlahealing.com/blogs/sabian-symbols/earned-not-performed,"Capricorn 23 - Soldier Receiving Two Awards - Earned, Not Performed"
294,Capricorn,24,59,20,A Woman Entering a Convent,Consecration,Lose the Self to Find the Self,lose-the-self-to-find-the-self,https://www.gamlahealing.com/blogs/sabian-symbols/lose-the-self-to-find-the-self,Capricorn 24 - A Woman Entering a Convent - Lose the Self to Find the Self
295,Capricorn,25,59,20,A Store of Precious Oriental Rugs,Consignment,"Bread, Not Words",bread-not-words,https://www.gamlahealing.com/blogs/sabian-symbols/bread-not-words,"Capricorn 25 - A Store of Precious Oriental Rugs - Bread, Not Words"
296,Capricorn,26,60,20,A Water Sprite Dancing in the Mist,Restlessness,"Dance First, Explain Later",dance-first-explain-later,https://www.gamlahealing.com/blogs/sabian-symbols/dance-first-explain-later,"Capricorn 26 - A Water Sprite Dancing in the Mist - Dance First, Explain Later"
297,Capricorn,27,60,20,A Mountain Pilgrimage,Perseverance,The Mountain Tests Whether You Meant It,the-mountain-tests-whether-you-meant-it,https://www.gamlahealing.com/blogs/sabian-symbols/the-mountain-tests-whether-you-meant-it,Capricorn 27 - A Mountain Pilgrimage - The Mountain Tests Whether You Meant It
298,Capricorn,28,60,20,A Large Aviary,Community,The Peak Becomes a Plateau,the-peak-becomes-a-plateau,https://www.gamlahealing.com/blogs/sabian-symbols/the-peak-becomes-a-plateau,Capricorn 28 - A Large Aviary - The Peak Becomes a Plateau
299,Capricorn,29,60,20,A Woman Reading Tea Leaves,Signature,Signs Are Not the Same as Their Meaning,signs-are-not-the-same-as-their-meaning,https://www.gamlahealing.com/blogs/sabian-symbols/signs-are-not-the-same-as-their-meaning,Capricorn 29 - A Woman Reading Tea Leaves - Signs Are Not the Same as Their Meaning
300,Capricorn,30,60,20,A Secret Business Conference,Opportunity,Read the Memo Before the Meeting,read-the-memo-before-the-meeting,https://www.gamlahealing.com/blogs/sabian-symbols/read-the-memo-before-the-meeting,Capricorn 30 - A Secret Business Conference - Read the Memo Before the Meeting
301,Aquarius,1,61,21,Old Adobe Mission in California,Durability,Build What Deserves to Outlive You,build-what-deserves-to-outlive-you,https://www.gamlahealing.com/blogs/sabian-symbols/build-what-deserves-to-outlive-you,Aquarius 1 - Old Adobe Mission in California - Build What Deserves to Outlive You
302,Aquarius,2,61,21,An Unexpected Thunderstorm,Accident,Even Adobe Returns to Mud,even-adobe-returns-to-mud,https://www.gamlahealing.com/blogs/sabian-symbols/even-adobe-returns-to-mud,Aquarius 2 - An Unexpected Thunderstorm - Even Adobe Returns to Mud
303,Aquarius,3,61,21,A Deserter From the Navy,Defiance,Better a Late Correction Than None,better-a-late-correction-than-none,https://www.gamlahealing.com/blogs/sabian-symbols/better-a-late-correction-than-none,Aquarius 3 - A Deserter From the Navy - Better a Late Correction Than None
304,Aquarius,4,61,21,Hindu Yogi Demonstrating Healing,Therapy,The Power Forfeited by Wanting to Impress,the-power-forfeited-by-wanting-to-impress,https://www.gamlahealing.com/blogs/sabian-symbols/the-power-forfeited-by-wanting-to-impress,Aquarius 4 - Hindu Yogi Demonstrating Healing - The Power Forfeited by Wanting to Impress
305,Aquarius,5,61,21,Council of Ancestors,Antecedence,You Are the Next in a Long Line,you-are-the-next-in-a-long-line,https://www.gamlahealing.com/blogs/sabian-symbols/you-are-the-next-in-a-long-line,Aquarius 5 - Council of Ancestors - You Are the Next in a Long Line
306,Aquarius,6,62,21,Masked Figure in a Mystery Play,Subtlety,"Wear the Mask, Serve the Mystery",wear-the-mask-serve-the-mystery,https://www.gamlahealing.com/blogs/sabian-symbols/wear-the-mask-serve-the-mystery,"Aquarius 6 - Masked Figure in a Mystery Play - Wear the Mask, Serve the Mystery"
307,Aquarius,7,62,21,Child Born of an Egg,Essentiality,Born With No Debt to the Past,born-with-no-debt-to-the-past,https://www.gamlahealing.com/blogs/sabian-symbols/born-with-no-debt-to-the-past,Aquarius 7 - Child Born of an Egg - Born With No Debt to the Past
308,Aquarius,8,62,21,Beautifully Gowned Wax Figures,Impact,Even Fiction Can Point You Somewhere Real,even-fiction-can-point-you-somewhere-real,https://www.gamlahealing.com/blogs/sabian-symbols/even-fiction-can-point-you-somewhere-real,Aquarius 8 - Beautifully Gowned Wax Figures - Even Fiction Can Point You Somewhere Real
309,Aquarius,9,62,21,A Flag Turned Into an Eagle,Dramatization,"The Flag Comes First, The Eagle Follows",the-flag-comes-first-the-eagle-follows,https://www.gamlahealing.com/blogs/sabian-symbols/the-flag-comes-first-the-eagle-follows,"Aquarius 9 - A Flag Turned Into an Eagle - The Flag Comes First, The Eagle Follows"
310,Aquarius,10,62,21,Popularity That Proves Ephemeral,Approbation,"The Star Fades, The Person Remains",the-star-fades-the-person-remains,https://www.gamlahealing.com/blogs/sabian-symbols/the-star-fades-the-person-remains,"Aquarius 10 - Popularity That Proves Ephemeral - The Star Fades, The Person Remains"
311,Aquarius,11,63,21,A New Inspiration in a Silent Hour,Ecstasy,Trust the Voice That Isn't Borrowed,trust-the-voice-that-isnt-borrowed,https://www.gamlahealing.com/blogs/sabian-symbols/trust-the-voice-that-isnt-borrowed,Aquarius 11 - A New Inspiration in a Silent Hour - Trust the Voice That Isn't Borrowed
312,Aquarius,12,63,21,People on a Vast Staircase,Progression,"Given the Moon Today, We Ask for the Sun Tomorrow",given-the-moon-today-we-ask-for-the-sun-tomorrow,https://www.gamlahealing.com/blogs/sabian-symbols/given-the-moon-today-we-ask-for-the-sun-tomorrow,"Aquarius 12 - People on a Vast Staircase - Given the Moon Today, We Ask for the Sun Tomorrow"
313,Aquarius,13,63,21,A Barometer,Indication,It Will Rain Again One Day,it-will-rain-again-one-day,https://www.gamlahealing.com/blogs/sabian-symbols/it-will-rain-again-one-day,Aquarius 13 - A Barometer - It Will Rain Again One Day
314,Aquarius,14,63,21,A Train Entering a Tunnel,Courtesy,The Tunnel Was Always Part of the Track,the-tunnel-was-always-part-of-the-track,https://www.gamlahealing.com/blogs/sabian-symbols/the-tunnel-was-always-part-of-the-track,Aquarius 14 - A Train Entering a Tunnel - The Tunnel Was Always Part of the Track
315,Aquarius,15,63,21,Two Lovebirds Singing on a Fence,Affirmation,Walk in No Other Direction,walk-in-no-other-direction,https://www.gamlahealing.com/blogs/sabian-symbols/walk-in-no-other-direction,Aquarius 15 - Two Lovebirds Singing on a Fence - Walk in No Other Direction
316,Aquarius,16,64,22,A Big-Business Man at His Desk,Accomplishment,Undisturbed by Gain or Loss,undisturbed-by-gain-or-loss,https://www.gamlahealing.com/blogs/sabian-symbols/undisturbed-by-gain-or-loss,Aquarius 16 - A Big-Business Man at His Desk - Undisturbed by Gain or Loss
317,Aquarius,17,64,22,A Watchdog Standing Guard,Probity,"Through Discipline, We Come to Freedom",through-discipline-we-come-to-freedom,https://www.gamlahealing.com/blogs/sabian-symbols/through-discipline-we-come-to-freedom,"Aquarius 17 - A Watchdog Standing Guard - Through Discipline, We Come to Freedom"
318,Aquarius,18,64,22,Secret Motives Publicly Unmasked,Analysis,The Truth Always Outs in the End,the-truth-always-outs-in-the-end,https://www.gamlahealing.com/blogs/sabian-symbols/the-truth-always-outs-in-the-end,Aquarius 18 - Secret Motives Publicly Unmasked - The Truth Always Outs in the End
319,Aquarius,19,64,22,A Forest Fire Being Subdued,Concern,Pull Out All the Stops,pull-out-all-the-stops,https://www.gamlahealing.com/blogs/sabian-symbols/pull-out-all-the-stops,Aquarius 19 - A Forest Fire Being Subdued - Pull Out All the Stops
320,Aquarius,20,64,22,A Large White Dove Bearing a Message,Conviction,"Mission Accomplished, Peace Be With You",mission-accomplished-peace-be-with-you,https://www.gamlahealing.com/blogs/sabian-symbols/mission-accomplished-peace-be-with-you,"Aquarius 20 - A Large White Dove Bearing a Message - Mission Accomplished, Peace Be With You"
321,Aquarius,21,65,22,A Disillusioned Woman Faces Life,Clearance,Nothing Superficial Endures,nothing-superficial-endures,https://www.gamlahealing.com/blogs/sabian-symbols/nothing-superficial-endures,Aquarius 21 - A Disillusioned Woman Faces Life - Nothing Superficial Endures
322,Aquarius,22,65,22,A Rug on a Nursery Floor,Refinement,"The Assistance Is There, Even Unnoticed",the-assistance-is-there-even-unnoticed,https://www.gamlahealing.com/blogs/sabian-symbols/the-assistance-is-there-even-unnoticed,"Aquarius 22 - A Rug on a Nursery Floor - The Assistance Is There, Even Unnoticed"
323,Aquarius,23,65,22,A Big Bear Waving Its Paws,Aptitude,"Tame the Bear, Don't Cage It",tame-the-bear-dont-cage-it,https://www.gamlahealing.com/blogs/sabian-symbols/tame-the-bear-dont-cage-it,"Aquarius 23 - A Big Bear Waving Its Paws - Tame the Bear, Don't Cage It"
324,Aquarius,24,65,22,A Man Who Has Overcome His Passions,Serenity,"Teach From the Scar, Not the Wound",teach-from-the-scar-not-the-wound,https://www.gamlahealing.com/blogs/sabian-symbols/teach-from-the-scar-not-the-wound,"Aquarius 24 - A Man Who Has Overcome His Passions - Teach From the Scar, Not the Wound"
325,Aquarius,25,65,22,A Butterfly With One Wing Better Formed,Uniqueness,The Wings Were Never Meant to Match,the-wings-were-never-meant-to-match,https://www.gamlahealing.com/blogs/sabian-symbols/the-wings-were-never-meant-to-match,Aquarius 25 - A Butterfly With One Wing Better Formed - The Wings Were Never Meant to Match
326,Aquarius,26,66,22,A Garage Man Testing a Battery,Efficiency,Turn Everything to Your Advantage,turn-everything-to-your-advantage,https://www.gamlahealing.com/blogs/sabian-symbols/turn-everything-to-your-advantage,Aquarius 26 - A Garage Man Testing a Battery - Turn Everything to Your Advantage
327,Aquarius,27,66,22,Ancient Pottery Bowl of Violets,Tradition,"The Roots Serve, But Should Never Rule",the-roots-serve-but-should-never-rule,https://www.gamlahealing.com/blogs/sabian-symbols/the-roots-serve-but-should-never-rule,"Aquarius 27 - Ancient Pottery Bowl of Violets - The Roots Serve, But Should Never Rule"
328,Aquarius,28,66,22,A Tree Felled for Winter Wood,Immediacy,Remember in Springtime That Winter Is Coming,remember-in-springtime-that-winter-is-coming,https://www.gamlahealing.com/blogs/sabian-symbols/remember-in-springtime-that-winter-is-coming,Aquarius 28 - A Tree Felled for Winter Wood - Remember in Springtime That Winter Is Coming
329,Aquarius,29,66,22,A Butterfly Emerging From a Chrysalis,Emanation,No One Can Struggle Free For You,no-one-can-struggle-free-for-you,https://www.gamlahealing.com/blogs/sabian-symbols/no-one-can-struggle-free-for-you,Aquarius 29 - A Butterfly Emerging From a Chrysalis - No One Can Struggle Free For You
330,Aquarius,30,66,22,The Field of Ardath in Bloom,Continuity,Both the Wave and the Particle at Once,both-the-wave-and-the-particle-at-once,https://www.gamlahealing.com/blogs/sabian-symbols/both-the-wave-and-the-particle-at-once,Aquarius 30 - The Field of Ardath in Bloom - Both the Wave and the Particle at Once
331,Pisces,1,67,23,A Crowded Marketplace,Commerce,Fair Trade Now Leads to More Trade Later,fair-trade-now-leads-to-more-trade-later,https://www.gamlahealing.com/blogs/sabian-symbols/fair-trade-now-leads-to-more-trade-later,Pisces 1 - A Crowded Marketplace - Fair Trade Now Leads to More Trade Later
332,Pisces,2,67,23,A Squirrel Hiding From Hunters,Caution,"Trust in God, But Tie Your Camel",trust-in-god-but-tie-your-camel,https://www.gamlahealing.com/blogs/sabian-symbols/trust-in-god-but-tie-your-camel,"Pisces 2 - A Squirrel Hiding From Hunters - Trust in God, But Tie Your Camel"
333,Pisces,3,67,23,Petrified Forest Trunks in the Desert,Survival,Fear or Trust: The Essence Choice,fear-or-trust-the-essence-choice,https://www.gamlahealing.com/blogs/sabian-symbols/fear-or-trust-the-essence-choice,Pisces 3 - Petrified Forest Trunks in the Desert - Fear or Trust: The Essence Choice
334,Pisces,4,67,23,Heavy Traffic on a Narrow Isthmus,Convergence,Nothing Occurs That We Cannot Shape,nothing-occurs-that-we-cannot-shape,https://www.gamlahealing.com/blogs/sabian-symbols/nothing-occurs-that-we-cannot-shape,Pisces 4 - Heavy Traffic on a Narrow Isthmus - Nothing Occurs That We Cannot Shape
335,Pisces,5,67,23,A Church Bazaar,Benefit,Even a Bake Sale Can Hold the Sacred,even-a-bake-sale-can-hold-the-sacred,https://www.gamlahealing.com/blogs/sabian-symbols/even-a-bake-sale-can-hold-the-sacred,Pisces 5 - A Church Bazaar - Even a Bake Sale Can Hold the Sacred
336,Pisces,6,68,23,Army Officers on Dress Parade,Discipline,"Say No to Glister, Yes Only to Gold",say-no-to-glister-yes-only-to-gold,https://www.gamlahealing.com/blogs/sabian-symbols/say-no-to-glister-yes-only-to-gold,"Pisces 6 - Army Officers on Dress Parade - Say No to Glister, Yes Only to Gold"
337,Pisces,7,68,23,A Cross Lying on Rocks in Sea Mist,Conscience,Be True to Thine Own Self,be-true-to-thine-own-self,https://www.gamlahealing.com/blogs/sabian-symbols/be-true-to-thine-own-self,Pisces 7 - A Cross Lying on Rocks in Sea Mist - Be True to Thine Own Self
338,Pisces,8,68,23,A Girl Blowing a Bugle,Summons,"Blow Your Own Bugle, Even If Few Listen",blow-your-own-bugle-even-if-few-listen,https://www.gamlahealing.com/blogs/sabian-symbols/blow-your-own-bugle-even-if-few-listen,"Pisces 8 - A Girl Blowing a Bugle - Blow Your Own Bugle, Even If Few Listen"
339,Pisces,9,68,23,A Jockey Spurring His Horse,Practice,"Achievement Is Not an Event, It's a Lifestyle",achievement-is-not-an-event-its-a-lifestyle,https://www.gamlahealing.com/blogs/sabian-symbols/achievement-is-not-an-event-its-a-lifestyle,"Pisces 9 - A Jockey Spurring His Horse - Achievement Is Not an Event, It's a Lifestyle"
340,Pisces,10,68,23,An Aviator Flying Through Clouds,Observation,Single-Eye the Body Light,single-eye-the-body-light,https://www.gamlahealing.com/blogs/sabian-symbols/single-eye-the-body-light,Pisces 10 - An Aviator Flying Through Clouds - Single-Eye the Body Light
341,Pisces,11,69,23,Men Traveling a Narrow Path,Dedication,"The Path Does Not Move, We Do",the-path-does-not-move-we-do,https://www.gamlahealing.com/blogs/sabian-symbols/the-path-does-not-move-we-do,"Pisces 11 - Men Traveling a Narrow Path - The Path Does Not Move, We Do"
342,Pisces,12,69,23,Examination of New Initiates,Qualification,"No Longer Seeking, Now Proving",no-longer-seeking-now-proving,https://www.gamlahealing.com/blogs/sabian-symbols/no-longer-seeking-now-proving,"Pisces 12 - Examination of New Initiates - No Longer Seeking, Now Proving"
343,Pisces,13,69,23,An Ancient Sword in a Museum,Example,A Sword Held for Later Hands,a-sword-held-for-later-hands,https://www.gamlahealing.com/blogs/sabian-symbols/a-sword-held-for-later-hands,Pisces 13 - An Ancient Sword in a Museum - A Sword Held for Later Hands
344,Pisces,14,69,23,A Lady in a Fox Fur Stole,Tastefulness,"A Personal Shield, Not a Disguise",a-personal-shield-not-a-disguise,https://www.gamlahealing.com/blogs/sabian-symbols/a-personal-shield-not-a-disguise,"Pisces 14 - A Lady in a Fox Fur Stole - A Personal Shield, Not a Disguise"
345,Pisces,15,69,23,An Officer Drilling His Men,Preciseness,Living Is Vital Only As We Motivate It,living-is-vital-only-as-we-motivate-it,https://www.gamlahealing.com/blogs/sabian-symbols/living-is-vital-only-as-we-motivate-it,Pisces 15 - An Officer Drilling His Men - Living Is Vital Only As We Motivate It
346,Pisces,16,70,24,A Flow of Inspiration in the Study,Ingenuity,The Urge Arose in the Collective Mind,the-urge-arose-in-the-collective-mind,https://www.gamlahealing.com/blogs/sabian-symbols/the-urge-arose-in-the-collective-mind,Pisces 16 - A Flow of Inspiration in the Study - The Urge Arose in the Collective Mind
347,Pisces,17,70,24,An Easter Parade,Celebration,The Image We Show Characterizes the Self,the-image-we-show-characterizes-the-self,https://www.gamlahealing.com/blogs/sabian-symbols/the-image-we-show-characterizes-the-self,Pisces 17 - An Easter Parade - The Image We Show Characterizes the Self
348,Pisces,18,70,24,A Performance in a Gigantic Tent,Apportionment,A Conductor Brings the Orchestra Into Alignment,a-conductor-brings-the-orchestra-into-alignment,https://www.gamlahealing.com/blogs/sabian-symbols/a-conductor-brings-the-orchestra-into-alignment,Pisces 18 - A Performance in a Gigantic Tent - A Conductor Brings the Orchestra Into Alignment
349,Pisces,19,70,24,A Master Instructing His Disciple,Elucidation,Knowledge Desires to Be Known,knowledge-desires-to-be-known,https://www.gamlahealing.com/blogs/sabian-symbols/knowledge-desires-to-be-known,Pisces 19 - A Master Instructing His Disciple - Knowledge Desires to Be Known
350,Pisces,20,70,24,A Table Set for an Evening Meal,Familiarity,The Soul Returns Home at Close of Day,the-soul-returns-home-at-close-of-day,https://www.gamlahealing.com/blogs/sabian-symbols/the-soul-returns-home-at-close-of-day,Pisces 20 - A Table Set for an Evening Meal - The Soul Returns Home at Close of Day
351,Pisces,21,71,24,A Girl Fondling a White Lamb,Talent,Trained to Choose Hope,a-vision-of-white-hope,https://www.gamlahealing.com/blogs/sabian-symbols/a-vision-of-white-hope,Pisces 21 - A Girl Fondling a White Lamb - Trained to Choose Hope
352,Pisces,22,71,24,A Prophet Carrying the New Law,Mandate,The Law Has to Be Brought Down,the-law-has-to-be-brought-down,https://www.gamlahealing.com/blogs/sabian-symbols/the-law-has-to-be-brought-down,Pisces 22 - A Prophet Carrying the New Law - The Law Has to Be Brought Down
353,Pisces,23,71,24,A Materializing Medium,Sensitivity,The Performer Gives of Their Very Life,the-performer-gives-of-their-very-life,https://www.gamlahealing.com/blogs/sabian-symbols/the-performer-gives-of-their-very-life,Pisces 23 - A Materializing Medium - The Performer Gives of Their Very Life
354,Pisces,24,71,24,People Living on a Small Island,Cultivation,"They Inhabit Their Island, and We Ours",they-inhabit-their-island-and-we-ours,https://www.gamlahealing.com/blogs/sabian-symbols/they-inhabit-their-island-and-we-ours,"Pisces 24 - People Living on a Small Island - They Inhabit Their Island, and We Ours"
355,Pisces,25,71,24,The Purging of the Priesthood,Reformation,We Project Disappointment Onto Our Priests,we-project-disappointment-onto-our-priests,https://www.gamlahealing.com/blogs/sabian-symbols/we-project-disappointment-onto-our-priests,Pisces 25 - The Purging of the Priesthood - We Project Disappointment Onto Our Priests
356,Pisces,26,72,24,A New Moon Divides Its Influence,Finesse,The Fallacy of Totalitarianism,the-fallacy-of-totalitarianism,https://www.gamlahealing.com/blogs/sabian-symbols/the-fallacy-of-totalitarianism,Pisces 26 - A New Moon Divides Its Influence - The Fallacy of Totalitarianism
357,Pisces,27,72,24,A Harvest Moon in a Clear Sky,Benediction,Take Today's Fruit Today,take-todays-fruit-today,https://www.gamlahealing.com/blogs/sabian-symbols/take-todays-fruit-today,Pisces 27 - A Harvest Moon in a Clear Sky - Take Today's Fruit Today
358,Pisces,28,72,24,A Fertile Garden Under the Full Moon,Ultimacy,Enough Is a Feast,enough-is-a-feast,https://www.gamlahealing.com/blogs/sabian-symbols/enough-is-a-feast,Pisces 28 - A Fertile Garden Under the Full Moon - Enough Is a Feast
359,Pisces,29,72,24,Light Breaking Through a Prism,Validation,The Prism Is Always There,the-prism-is-always-there,https://www.gamlahealing.com/blogs/sabian-symbols/the-prism-is-always-there,Pisces 29 - Light Breaking Through a Prism - The Prism Is Always There
360,Pisces,30,72,24,The Great Stone Face,Discernment,The Seed of Yet Another Cycle,the-seed-of-yet-another-cycle,https://www.gamlahealing.com/blogs/sabian-symbols/the-seed-of-yet-another-cycle,Pisces 30 - The Great Stone Face - The Seed of Yet Another Cycle
